episode,seed,mode,step,reward,cumulative_reward,ev_progress,ev_waiting_time,ev_travel_time,total_queue,max_queue,phase_changes,done
1,42,heuristic,1,0.509,0.509,0.0264,0.0,5.0,0.0,0.0,0,0
1,42,heuristic,2,0.572,1.081,0.0663,0.0,10.0,0.0,0.0,1,0
1,42,heuristic,3,0.551,1.632,0.1063,0.0,15.0,8.01,8.01,1,0
1,42,heuristic,4,0.433,2.065,0.1263,0.0,20.0,13.52,8.01,1,0
1,42,heuristic,5,0.5,2.565,0.1558,0.0,25.0,13.52,8.01,1,0
1,42,heuristic,6,0.507,3.072,0.1887,0.0,30.0,13.52,8.01,2,0
1,42,heuristic,7,0.519,3.591,0.2216,0.0,35.0,13.52,8.01,2,0
1,42,heuristic,8,0.334,3.925,0.1745,0.0,40.0,13.52,8.01,2,0
1,42,heuristic,9,0.784,4.709,0.268,0.0,45.0,13.52,8.01,2,0
1,42,heuristic,10,0.44,5.149,0.307,0.0,50.0,13.52,8.01,11,0
1,42,heuristic,11,0.538,5.687,0.3454,0.0,55.0,13.52,8.01,12,0
1,42,heuristic,12,0.334,6.021,0.2648,0.0,60.0,13.52,8.01,12,0
1,42,heuristic,13,0.784,6.805,0.3924,0.0,65.0,13.52,8.01,12,0
1,42,heuristic,14,0.482,7.287,0.4255,0.0,70.0,13.52,8.01,15,0
1,42,heuristic,15,0.508,7.795,0.4587,0.0,75.0,13.52,8.01,16,0
1,42,heuristic,16,0.52,8.315,0.4917,0.0,80.0,13.52,8.01,16,0
1,42,heuristic,17,0.467,8.782,0.5154,0.0,85.0,13.52,8.01,16,0
1,42,heuristic,18,0.508,9.29,0.5485,0.0,90.0,13.52,8.01,17,0
1,42,heuristic,19,0.471,9.761,0.5817,0.0,95.0,13.52,8.01,21,0
1,42,heuristic,20,0.521,10.282,0.615,0.0,100.0,13.52,8.01,21,0
1,42,heuristic,21,0.387,10.669,0.6267,0.0,105.0,13.52,8.01,22,0
1,42,heuristic,22,0.514,11.183,0.6609,0.0,110.0,13.52,8.01,23,0
1,42,heuristic,23,0.513,11.696,0.7017,0.0,115.0,13.52,8.01,27,0
1,42,heuristic,24,0.562,12.258,0.7422,0.0,120.0,13.52,8.01,27,0
1,42,heuristic,25,0.516,12.774,0.7769,0.0,125.0,13.52,8.01,28,0
1,42,heuristic,26,0.55,13.324,0.8176,0.0,130.0,13.52,8.01,29,0
1,42,heuristic,27,0.551,13.875,0.8584,0.0,135.0,13.52,8.01,30,0
1,42,heuristic,28,0.512,14.387,0.8924,0.0,140.0,13.52,8.01,31,0
1,42,heuristic,29,0.556,14.943,0.932,0.0,145.0,13.52,8.01,31,0
1,42,heuristic,30,0.557,15.5,0.9716,0.0,150.0,13.52,8.01,31,0
1,42,heuristic,31,0.947,16.447,1.0,0.0,154.0,13.52,8.01,31,1
2,43,heuristic,1,0.519,0.519,0.025,0.0,5.0,0.0,0.0,0,0
2,43,heuristic,2,0.59,1.109,0.0627,0.0,10.0,0.0,0.0,0,0
2,43,heuristic,3,0.482,1.591,0.1001,0.0,15.0,6.35,6.35,0,0
2,43,heuristic,4,0.464,2.055,0.1319,0.0,20.0,6.35,6.35,0,0
2,43,heuristic,5,0.502,2.557,0.1704,0.0,25.0,6.35,6.35,0,0
2,43,heuristic,6,0.501,3.058,0.2087,0.0,30.0,6.35,6.35,0,0
2,43,heuristic,7,0.485,3.543,0.2476,0.0,35.0,10.84,6.35,0,0
2,43,heuristic,8,0.46,4.003,0.2801,0.0,40.0,10.84,6.35,0,0
2,43,heuristic,9,0.482,4.485,0.3188,0.0,45.0,10.84,6.35,1,0
2,43,heuristic,10,0.408,4.893,0.3578,0.0,50.0,10.84,6.35,8,0
2,43,heuristic,11,0.458,5.351,0.39,0.0,55.0,10.84,6.35,8,0
2,43,heuristic,12,0.494,5.845,0.4287,0.0,60.0,10.84,6.35,8,0
2,43,heuristic,13,0.493,6.338,0.4671,0.0,65.0,10.84,6.35,8,0
2,43,heuristic,14,0.461,6.799,0.4998,0.0,70.0,10.84,6.35,8,0
2,43,heuristic,15,0.366,7.165,0.5157,0.0,75.0,10.84,6.35,8,0
2,43,heuristic,16,0.453,7.618,0.5471,0.0,80.0,10.84,6.35,8,0
2,43,heuristic,17,0.441,8.059,0.5785,0.0,85.0,10.84,6.35,9,0
2,43,heuristic,18,0.454,8.513,0.61,0.0,90.0,10.84,6.35,9,0
2,43,heuristic,19,0.303,8.816,0.6323,0.0,95.0,10.84,6.35,17,0
2,43,heuristic,20,0.452,9.268,0.6635,0.0,100.0,10.84,6.35,17,0
2,43,heuristic,21,0.454,9.722,0.6951,0.0,105.0,10.84,6.35,17,0
2,43,heuristic,22,0.453,10.175,0.7263,0.0,110.0,10.84,6.35,17,0
2,43,heuristic,23,0.286,10.461,0.7279,0.0,115.0,10.84,6.35,17,0
2,43,heuristic,24,0.568,11.029,0.7797,0.0,120.0,10.84,6.35,17,0
2,43,heuristic,25,0.452,11.481,0.8109,0.0,125.0,10.84,6.35,17,0
2,43,heuristic,26,0.453,11.934,0.8422,0.0,130.0,10.84,6.35,17,0
2,43,heuristic,27,0.444,12.378,0.872,0.0,135.0,10.84,6.35,17,0
2,43,heuristic,28,0.132,12.51,0.8746,2.0,140.0,11.84,6.35,23,0
2,43,heuristic,29,0.075,12.585,0.8746,7.0,145.0,11.84,6.35,23,0
2,43,heuristic,30,0.373,12.958,0.8819,7.0,150.0,10.84,6.35,25,0
2,43,heuristic,31,0.555,13.513,0.9172,7.0,155.0,10.84,6.35,25,0
2,43,heuristic,32,0.569,14.082,0.9548,7.0,160.0,10.84,6.35,25,0
2,43,heuristic,33,0.568,14.65,0.9923,7.0,165.0,10.84,6.35,25,0
2,43,heuristic,34,0.957,15.607,1.0,7.0,167.0,10.84,6.35,25,1
3,44,heuristic,1,0.541,0.541,0.0311,0.0,5.0,0.0,0.0,0,0
3,44,heuristic,2,0.633,1.174,0.0784,0.0,10.0,0.0,0.0,0,0
3,44,heuristic,3,0.251,1.425,0.0127,0.0,15.0,8.21,8.21,0,0
3,44,heuristic,4,0.688,2.113,0.1679,0.0,20.0,15.84,8.21,0,0
3,44,heuristic,5,0.526,2.639,0.216,0.0,25.0,15.84,8.21,0,0
3,44,heuristic,6,0.49,3.129,0.2577,0.0,30.0,15.84,8.21,0,0
3,44,heuristic,7,0.516,3.645,0.3061,0.0,35.0,15.84,8.21,1,0
3,44,heuristic,8,0.528,4.173,0.3545,0.0,40.0,15.84,8.21,1,0
3,44,heuristic,9,0.369,4.542,0.3745,0.0,45.0,15.84,8.21,1,0
3,44,heuristic,10,0.241,4.783,0.3874,0.0,50.0,15.84,8.21,8,0
3,44,heuristic,11,0.51,5.293,0.4326,0.0,55.0,15.84,8.21,8,0
3,44,heuristic,12,0.528,5.821,0.4809,0.0,60.0,15.84,8.21,8,0
3,44,heuristic,13,0.376,6.197,0.5023,0.0,65.0,15.84,8.21,8,0
3,44,heuristic,14,0.445,6.642,0.5359,0.0,70.0,15.84,8.21,8,0
3,44,heuristic,15,0.465,7.107,0.5754,0.0,75.0,15.84,8.21,9,0
3,44,heuristic,16,0.475,7.582,0.6145,0.0,80.0,15.84,8.21,9,0
3,44,heuristic,17,0.413,7.995,0.6447,0.0,85.0,15.84,8.21,10,0
3,44,heuristic,18,0.454,8.449,0.6844,0.0,90.0,15.84,8.21,12,0
3,44,heuristic,19,0.416,8.865,0.724,0.0,95.0,15.84,8.21,17,0
3,44,heuristic,20,0.399,9.264,0.7494,0.0,100.0,15.84,8.21,17,0
3,44,heuristic,21,0.33,9.594,0.7648,0.0,105.0,15.84,8.21,18,0
3,44,heuristic,22,0.479,10.073,0.8045,0.0,110.0,15.84,8.21,18,0
3,44,heuristic,23,0.479,10.552,0.8441,0.0,115.0,15.84,8.21,18,0
3,44,heuristic,24,0.256,10.808,0.8152,0.0,120.0,15.84,8.21,18,0
3,44,heuristic,25,0.706,11.514,0.8964,0.0,125.0,15.84,8.21,18,0
3,44,heuristic,26,0.517,12.031,0.9429,0.0,130.0,15.84,8.21,18,0
3,44,heuristic,27,0.522,12.553,0.9901,0.0,135.0,15.84,8.21,18,0
3,44,heuristic,28,0.948,13.501,1.0,0.0,137.0,15.84,8.21,18,1
4,45,heuristic,1,0.539,0.539,0.0292,0.0,5.0,0.0,0.0,0,0
4,45,heuristic,2,0.599,1.138,0.0735,0.0,10.0,0.0,0.0,2,0
4,45,heuristic,3,0.615,1.753,0.1162,0.0,15.0,0.0,0.0,2,0
4,45,heuristic,4,0.459,2.212,0.1312,0.0,20.0,0.0,0.0,2,0
4,45,heuristic,5,0.569,2.781,0.1657,0.0,25.0,0.0,0.0,2,0
4,45,heuristic,6,0.547,3.328,0.2027,0.0,30.0,8.31,8.31,2,0
4,45,heuristic,7,0.567,3.895,0.2398,0.0,35.0,8.31,8.31,2,0
4,45,heuristic,8,0.478,4.373,0.2674,0.0,40.0,16.67,8.36,2,0
4,45,heuristic,9,0.537,4.91,0.3043,0.0,45.0,16.67,8.36,3,0
4,45,heuristic,10,0.462,5.372,0.3413,0.0,50.0,16.67,8.36,10,0
4,45,heuristic,11,0.52,5.892,0.373,0.0,55.0,16.67,8.36,10,0
4,45,heuristic,12,0.404,6.296,0.3884,0.0,60.0,16.67,8.36,12,0
4,45,heuristic,13,0.53,6.826,0.4308,0.0,65.0,16.67,8.36,16,0
4,45,heuristic,14,0.586,7.412,0.4742,0.0,70.0,16.67,8.36,16,0
4,45,heuristic,15,0.342,7.754,0.4658,0.0,75.0,16.67,8.36,16,0
4,45,heuristic,16,0.677,8.431,0.5254,0.0,80.0,16.67,8.36,16,0
4,45,heuristic,17,0.537,8.968,0.5623,0.0,85.0,16.67,8.36,17,0
4,45,heuristic,18,0.536,9.504,0.5991,0.0,90.0,16.67,8.36,18,0
4,45,heuristic,19,0.435,9.939,0.6245,0.0,95.0,16.67,8.36,22,0
4,45,heuristic,20,0.41,10.349,0.6389,0.0,100.0,16.67,8.36,23,0
4,45,heuristic,21,0.589,10.938,0.6828,0.0,105.0,16.67,8.36,23,0
4,45,heuristic,22,0.561,11.499,0.7284,0.0,110.0,16.67,8.36,26,0
4,45,heuristic,23,0.562,12.061,0.7675,0.0,115.0,16.67,8.36,26,0
4,45,heuristic,24,0.597,12.658,0.8129,0.0,120.0,16.67,8.36,26,0
4,45,heuristic,25,0.598,13.256,0.8584,0.0,125.0,16.67,8.36,26,0
4,45,heuristic,26,0.546,13.802,0.8969,0.0,130.0,16.67,8.36,27,0
4,45,heuristic,27,0.591,14.393,0.9412,0.0,135.0,16.67,8.36,27,0
4,45,heuristic,28,0.592,14.985,0.9857,0.0,140.0,16.67,8.36,27,0
4,45,heuristic,29,0.952,15.937,1.0,0.0,142.0,16.67,8.36,27,1
5,46,heuristic,1,0.532,0.532,0.0299,0.0,5.0,0.0,0.0,0,0
5,46,heuristic,2,0.595,1.127,0.0754,0.0,10.0,0.0,0.0,2,0
5,46,heuristic,3,0.579,1.706,0.1191,0.0,15.0,7.17,7.17,2,0
5,46,heuristic,4,0.444,2.15,0.1358,0.0,20.0,7.17,7.17,2,0
5,46,heuristic,5,0.559,2.709,0.173,0.0,25.0,7.17,7.17,2,0
5,46,heuristic,6,0.551,3.26,0.211,0.0,30.0,7.17,7.17,3,0
5,46,heuristic,7,0.537,3.797,0.2487,0.0,35.0,13.11,7.17,3,0
5,46,heuristic,8,0.499,4.296,0.2774,0.0,40.0,13.11,7.17,3,0
5,46,heuristic,9,0.551,4.847,0.3152,0.0,45.0,13.11,7.17,3,0
5,46,heuristic,10,0.462,5.309,0.3528,0.0,50.0,13.11,7.17,10,0
5,46,heuristic,11,0.46,5.769,0.3745,0.0,55.0,13.11,7.17,10,0
5,46,heuristic,12,0.382,6.151,0.3868,0.0,60.0,13.11,7.17,12,0
5,46,heuristic,13,0.539,6.69,0.4248,0.0,65.0,13.11,7.17,13,0
5,46,heuristic,14,0.539,7.229,0.4627,0.0,70.0,13.11,7.17,14,0
5,46,heuristic,15,0.53,7.759,0.4968,0.0,75.0,13.11,7.17,14,0
5,46,heuristic,16,0.414,8.173,0.5125,0.0,80.0,13.11,7.17,15,0
5,46,heuristic,17,0.575,8.748,0.5568,0.0,85.0,13.11,7.17,16,0
5,46,heuristic,18,0.602,9.35,0.6037,0.0,90.0,13.11,7.17,16,0
5,46,heuristic,19,0.515,9.865,0.644,0.0,95.0,13.11,7.17,20,0
5,46,heuristic,20,0.6,10.465,0.6907,0.0,100.0,13.11,7.17,20,0
5,46,heuristic,21,0.597,11.062,0.7366,0.0,105.0,13.11,7.17,20,0
5,46,heuristic,22,0.553,11.615,0.7771,0.0,110.0,13.11,7.17,21,0
5,46,heuristic,23,0.601,12.216,0.8238,0.0,115.0,13.11,7.17,21,0
5,46,heuristic,24,0.602,12.818,0.8707,0.0,120.0,13.11,7.17,21,0
5,46,heuristic,25,0.562,13.38,0.9105,0.0,125.0,13.11,7.17,21,0
5,46,heuristic,26,0.596,13.976,0.9563,0.0,130.0,13.11,7.17,21,0
5,46,heuristic,27,0.949,14.925,1.0,0.0,135.0,13.11,7.17,21,1
6,47,heuristic,1,0.563,0.563,0.0294,0.0,5.0,0.0,0.0,0,0
6,47,heuristic,2,0.621,1.184,0.0736,0.0,10.0,0.0,0.0,2,0
6,47,heuristic,3,0.637,1.821,0.1162,0.0,15.0,0.0,0.0,2,0
6,47,heuristic,4,0.48,2.301,0.1309,0.0,20.0,0.0,0.0,2,0
6,47,heuristic,5,0.589,2.89,0.165,0.0,25.0,0.0,0.0,2,0
6,47,heuristic,6,0.594,3.484,0.2021,0.0,30.0,0.0,0.0,3,0
6,47,heuristic,7,0.576,4.06,0.2391,0.0,35.0,6.92,6.92,3,0
6,47,heuristic,8,0.54,4.6,0.2668,0.0,40.0,6.92,6.92,3,0
6,47,heuristic,9,0.57,5.17,0.3039,0.0,45.0,12.29,6.92,3,0
6,47,heuristic,10,0.494,5.664,0.341,0.0,50.0,12.29,6.92,10,0
6,47,heuristic,11,0.552,6.216,0.3727,0.0,55.0,12.29,6.92,10,0
6,47,heuristic,12,0.485,6.701,0.397,0.0,60.0,12.29,6.92,12,0
6,47,heuristic,13,0.57,7.271,0.4342,0.0,65.0,12.29,6.92,13,0
6,47,heuristic,14,0.57,7.841,0.4714,0.0,70.0,12.29,6.92,14,0
6,47,heuristic,15,0.531,8.372,0.4995,0.0,75.0,12.29,6.92,14,0
6,47,heuristic,16,0.441,8.813,0.5137,0.0,80.0,12.29,6.92,15,0
6,47,heuristic,17,0.61,9.423,0.558,0.0,85.0,12.29,6.92,16,0
6,47,heuristic,18,0.628,10.051,0.6033,0.0,90.0,12.29,6.92,16,0
6,47,heuristic,19,0.543,10.594,0.6423,0.0,95.0,12.29,6.92,20,0
6,47,heuristic,20,0.63,11.224,0.6879,0.0,100.0,12.29,6.92,20,0
6,47,heuristic,21,0.629,11.853,0.7333,0.0,105.0,12.29,6.92,20,0
6,47,heuristic,22,0.582,12.435,0.7726,0.0,110.0,12.29,6.92,21,0
6,47,heuristic,23,0.63,13.065,0.8183,0.0,115.0,12.29,6.92,21,0
6,47,heuristic,24,0.63,13.695,0.8639,0.0,120.0,12.29,6.92,21,0
6,47,heuristic,25,0.592,14.287,0.9028,0.0,125.0,12.29,6.92,21,0
6,47,heuristic,26,0.622,14.909,0.947,0.0,130.0,12.29,6.92,21,0
6,47,heuristic,27,0.622,15.531,0.9913,0.0,135.0,12.29,6.92,21,0
6,47,heuristic,28,0.966,16.497,1.0,0.0,136.0,12.29,6.92,21,1
7,48,heuristic,1,0.541,0.541,0.027,0.0,5.0,0.0,0.0,0,0
7,48,heuristic,2,0.616,1.157,0.0674,0.0,10.0,0.0,0.0,0,0
7,48,heuristic,3,0.539,1.696,0.1083,0.0,15.0,0.0,0.0,0,0
7,48,heuristic,4,0.489,2.185,0.1432,0.0,20.0,3.78,3.78,0,0
7,48,heuristic,5,0.537,2.722,0.185,0.0,25.0,3.78,3.78,0,0
7,48,heuristic,6,0.536,3.258,0.2267,0.0,30.0,3.78,3.78,0,0
7,48,heuristic,7,0.5,3.758,0.262,0.0,35.0,3.78,3.78,0,0
7,48,heuristic,8,0.498,4.256,0.3035,0.0,40.0,9.38,5.6,1,0
7,48,heuristic,9,0.526,4.782,0.3454,0.0,45.0,9.38,5.6,1,0
7,48,heuristic,10,0.403,5.185,0.381,0.0,50.0,9.38,5.6,8,0
7,48,heuristic,11,0.525,5.71,0.4228,0.0,55.0,9.38,5.6,8,0
7,48,heuristic,12,0.526,6.236,0.4647,0.0,60.0,9.38,5.6,8,0
7,48,heuristic,13,0.488,6.724,0.4999,0.0,65.0,9.38,5.6,8,0
7,48,heuristic,14,0.386,7.11,0.5169,0.0,70.0,9.38,5.6,8,0
7,48,heuristic,15,0.482,7.592,0.5511,0.0,75.0,9.38,5.6,8,0
7,48,heuristic,16,0.469,8.061,0.585,0.0,80.0,9.38,5.6,9,0
7,48,heuristic,17,0.478,8.539,0.6184,0.0,85.0,9.38,5.6,9,0
7,48,heuristic,18,0.418,8.957,0.6433,0.0,90.0,9.38,5.6,10,0
7,48,heuristic,19,0.394,9.351,0.6773,0.0,95.0,9.38,5.6,17,0
7,48,heuristic,20,0.482,9.833,0.7114,0.0,100.0,9.38,5.6,17,0
7,48,heuristic,21,0.47,10.303,0.7456,0.0,105.0,9.38,5.6,18,0
7,48,heuristic,22,0.429,10.732,0.7703,0.0,110.0,9.38,5.6,18,0
7,48,heuristic,23,0.481,11.213,0.8041,0.0,115.0,9.38,5.6,18,0
7,48,heuristic,24,0.483,11.696,0.8383,0.0,120.0,9.38,5.6,18,0
7,48,heuristic,25,0.476,12.172,0.8712,0.0,125.0,9.38,5.6,18,0
7,48,heuristic,26,0.335,12.507,0.8813,0.0,130.0,9.38,5.6,19,0
7,48,heuristic,27,0.501,13.008,0.9187,0.0,135.0,9.38,5.6,19,0
7,48,heuristic,28,0.519,13.527,0.9592,0.0,140.0,9.38,5.6,19,0
7,48,heuristic,29,0.519,14.046,0.9998,0.0,145.0,9.38,5.6,19,0
7,48,heuristic,30,0.964,15.01,1.0,0.0,146.0,9.38,5.6,19,1
8,49,heuristic,1,0.518,0.518,0.0229,0.0,5.0,0.0,0.0,0,0
8,49,heuristic,2,0.58,1.098,0.0566,0.0,10.0,0.0,0.0,0,0
8,49,heuristic,3,0.5,1.598,0.0905,0.0,15.0,0.0,0.0,0,0
8,49,heuristic,4,0.501,2.099,0.1245,0.0,20.0,0.0,0.0,0,0
8,49,heuristic,5,0.468,2.567,0.1527,0.0,25.0,0.0,0.0,0,0
8,49,heuristic,6,0.506,3.073,0.1874,0.0,30.0,0.0,0.0,0,0
8,49,heuristic,7,0.505,3.578,0.2221,0.0,35.0,0.0,0.0,0,0
8,49,heuristic,8,0.441,4.019,0.2503,0.0,40.0,6.49,6.49,0,0
8,49,heuristic,9,0.457,4.476,0.2852,0.0,45.0,11.98,6.49,1,0
8,49,heuristic,10,0.394,4.87,0.3199,0.0,50.0,11.98,6.49,8,0
8,49,heuristic,11,0.481,5.351,0.3545,0.0,55.0,11.98,6.49,8,0
8,49,heuristic,12,0.446,5.797,0.3828,0.0,60.0,11.98,6.49,8,0
8,49,heuristic,13,0.481,6.278,0.4174,0.0,65.0,11.98,6.49,8,0
8,49,heuristic,14,0.483,6.761,0.4523,0.0,70.0,11.98,6.49,8,0
8,49,heuristic,15,0.482,7.243,0.4871,0.0,75.0,11.98,6.49,8,0
8,49,heuristic,16,0.361,7.604,0.5003,0.0,80.0,11.98,6.49,8,0
8,49,heuristic,17,0.414,8.018,0.5253,0.0,85.0,11.98,6.49,9,0
8,49,heuristic,18,0.447,8.465,0.5538,0.0,90.0,11.98,6.49,9,0
8,49,heuristic,19,0.344,8.809,0.5818,0.0,95.0,11.98,6.49,17,0
8,49,heuristic,20,0.447,9.256,0.6104,0.0,100.0,11.98,6.49,17,0
8,49,heuristic,21,0.395,9.651,0.6297,0.0,105.0,11.98,6.49,17,0
8,49,heuristic,22,0.445,10.096,0.6579,0.0,110.0,11.98,6.49,17,0
8,49,heuristic,23,0.446,10.542,0.6862,0.0,115.0,11.98,6.49,17,0
8,49,heuristic,24,0.447,10.989,0.7147,0.0,120.0,11.98,6.49,17,0
8,49,heuristic,25,0.447,11.436,0.7433,0.0,125.0,11.98,6.49,17,0
8,49,heuristic,26,0.392,11.828,0.7621,0.0,130.0,11.98,6.49,17,0
8,49,heuristic,27,0.408,12.236,0.7903,0.0,135.0,11.98,6.49,20,0
8,49,heuristic,28,0.41,12.646,0.8189,0.0,140.0,11.98,6.49,23,0
8,49,heuristic,29,0.408,13.054,0.8471,0.0,145.0,11.98,6.49,26,0
8,49,heuristic,30,0.519,13.573,0.8742,0.0,150.0,11.98,6.49,26,0
8,49,heuristic,31,0.428,14.001,0.8852,0.0,155.0,11.98,6.49,26,0
8,49,heuristic,32,0.558,14.559,0.9192,0.0,160.0,11.98,6.49,26,0
8,49,heuristic,33,0.559,15.118,0.9534,0.0,165.0,11.98,6.49,26,0
8,49,heuristic,34,0.556,15.674,0.9871,0.0,170.0,11.98,6.49,26,0
8,49,heuristic,35,0.962,16.636,1.0,0.0,172.0,11.98,6.49,26,1
9,50,heuristic,1,0.55,0.55,0.0278,0.0,5.0,5.77,5.77,0,0
9,50,heuristic,2,0.616,1.166,0.0696,0.0,10.0,5.77,5.77,1,0
9,50,heuristic,3,0.629,1.795,0.1115,0.0,15.0,5.77,5.77,1,0
9,50,heuristic,4,0.484,2.279,0.1275,0.0,20.0,5.77,5.77,1,0
9,50,heuristic,5,0.564,2.843,0.1578,0.0,25.0,5.77,5.77,1,0
9,50,heuristic,6,0.591,3.434,0.1928,0.0,30.0,5.77,5.77,1,0
9,50,heuristic,7,0.556,3.99,0.2279,0.0,35.0,13.89,8.12,1,0
9,50,heuristic,8,0.378,4.368,0.1808,0.0,40.0,13.89,8.12,1,0
9,50,heuristic,9,0.828,5.196,0.2776,0.0,45.0,13.89,8.12,1,0
9,50,heuristic,10,0.483,5.679,0.3186,0.0,50.0,13.89,8.12,11,0
9,50,heuristic,11,0.595,6.274,0.3594,0.0,55.0,13.89,8.12,12,0
9,50,heuristic,12,0.574,6.848,0.3942,0.0,60.0,13.89,8.12,12,0
9,50,heuristic,13,0.582,7.43,0.435,0.0,65.0,13.89,8.12,14,0
9,50,heuristic,14,0.606,8.036,0.4755,0.0,70.0,13.89,8.12,14,0
9,50,heuristic,15,0.571,8.607,0.5099,0.0,75.0,13.89,8.12,14,0
9,50,heuristic,16,0.609,9.216,0.551,0.0,80.0,13.89,8.12,14,0
9,50,heuristic,17,0.607,9.823,0.5918,0.0,85.0,13.89,8.12,14,0
9,50,heuristic,18,0.555,10.378,0.6233,0.0,90.0,13.89,8.12,14,0
9,50,heuristic,19,0.394,10.772,0.6373,0.0,95.0,13.89,8.12,19,0
9,50,heuristic,20,0.536,11.308,0.6722,0.0,100.0,13.89,8.12,22,0
9,50,heuristic,21,0.574,11.882,0.7071,0.0,105.0,13.89,8.12,22,0
9,50,heuristic,22,0.549,12.431,0.7419,0.0,110.0,13.89,8.12,24,0
9,50,heuristic,23,0.524,12.955,0.768,0.0,115.0,13.89,8.12,24,0
9,50,heuristic,24,0.562,13.517,0.803,0.0,120.0,13.89,8.12,25,0
9,50,heuristic,25,0.574,14.091,0.8378,0.0,125.0,13.89,8.12,25,0
9,50,heuristic,26,0.568,14.659,0.8717,0.0,130.0,13.89,8.12,25,0
9,50,heuristic,27,0.422,15.081,0.8818,0.0,135.0,13.89,8.12,26,0
9,50,heuristic,28,0.593,15.674,0.9201,0.0,140.0,13.89,8.12,26,0
9,50,heuristic,29,0.613,16.287,0.962,0.0,145.0,13.89,8.12,26,0
9,50,heuristic,30,0.969,17.256,1.0,0.0,150.0,13.89,8.12,26,1
10,51,heuristic,1,0.581,0.581,0.0308,0.0,5.0,0.0,0.0,0,0
10,51,heuristic,2,0.66,1.241,0.0779,0.0,10.0,0.0,0.0,1,0
10,51,heuristic,3,0.639,1.88,0.125,0.0,15.0,7.79,7.79,1,0
10,51,heuristic,4,0.594,2.474,0.167,0.0,20.0,15.92,8.13,1,0
10,51,heuristic,5,0.649,3.123,0.2155,0.0,25.0,15.92,8.13,1,0
10,51,heuristic,6,0.376,3.499,0.16,0.0,30.0,15.92,8.13,1,0
10,51,heuristic,7,0.826,4.325,0.2751,0.0,35.0,15.92,8.13,1,0
10,51,heuristic,8,0.597,4.922,0.3143,0.0,40.0,15.92,8.13,1,0
10,51,heuristic,9,0.598,5.52,0.3537,0.0,45.0,15.92,8.13,1,0
10,51,heuristic,10,0.369,5.889,0.3746,0.0,50.0,15.92,8.13,11,0
10,51,heuristic,11,0.16,6.049,0.3746,5.0,55.0,16.92,8.13,12,0
10,51,heuristic,12,0.174,6.223,0.3746,10.0,60.0,16.92,8.13,12,0
10,51,heuristic,13,0.417,6.64,0.3839,10.0,65.0,15.92,8.13,13,0
10,51,heuristic,14,0.583,7.223,0.4251,10.0,70.0,15.92,8.13,15,0
10,51,heuristic,15,0.635,7.858,0.4711,10.0,75.0,15.92,8.13,15,0
10,51,heuristic,16,0.598,8.456,0.5105,10.0,80.0,15.92,8.13,15,0
10,51,heuristic,17,0.633,9.089,0.5561,10.0,85.0,15.92,8.13,15,0
10,51,heuristic,18,0.635,9.724,0.602,10.0,90.0,15.92,8.13,15,0
10,51,heuristic,19,0.438,10.162,0.6263,10.0,95.0,15.92,8.13,21,0
10,51,heuristic,20,0.551,10.713,0.6595,10.0,100.0,15.92,8.13,22,0
10,51,heuristic,21,0.6,11.313,0.6992,10.0,105.0,15.92,8.13,22,0
10,51,heuristic,22,0.597,11.91,0.7384,10.0,110.0,15.92,8.13,22,0
10,51,heuristic,23,0.52,12.43,0.7685,10.0,115.0,15.92,8.13,24,0
10,51,heuristic,24,0.584,13.014,0.8076,10.0,120.0,15.92,8.13,25,0
10,51,heuristic,25,0.598,13.612,0.847,10.0,125.0,15.92,8.13,25,0
10,51,heuristic,26,0.383,13.995,0.8482,10.0,130.0,15.92,8.13,25,0
10,51,heuristic,27,0.65,14.645,0.8968,10.0,135.0,15.92,8.13,25,0
10,51,heuristic,28,0.639,15.284,0.9435,10.0,140.0,15.92,8.13,25,0
10,51,heuristic,29,0.642,15.926,0.9908,10.0,145.0,15.92,8.13,25,0
10,51,heuristic,30,0.969,16.895,1.0,10.0,146.0,15.92,8.13,25,1
11,52,heuristic,1,0.542,0.542,0.029,0.0,5.0,0.0,0.0,0,0
11,52,heuristic,2,0.612,1.154,0.0727,0.0,10.0,0.0,0.0,1,0
11,52,heuristic,3,0.619,1.773,0.1155,0.0,15.0,0.0,0.0,1,0
11,52,heuristic,4,0.465,2.238,0.1309,0.0,20.0,0.0,0.0,1,0
11,52,heuristic,5,0.532,2.77,0.1648,0.0,25.0,5.6,5.6,2,0
11,52,heuristic,6,0.542,3.312,0.2017,0.0,30.0,13.2,7.6,2,0
11,52,heuristic,7,0.559,3.871,0.2384,0.0,35.0,13.2,7.6,2,0
11,52,heuristic,8,0.428,4.299,0.2518,0.0,40.0,13.2,7.6,2,0
11,52,heuristic,9,0.554,4.853,0.2877,0.0,45.0,13.2,7.6,2,0
11,52,heuristic,10,0.468,5.321,0.3305,0.0,50.0,13.2,7.6,12,0
11,52,heuristic,11,0.579,5.9,0.3707,0.0,55.0,13.2,7.6,12,0
11,52,heuristic,12,0.429,6.329,0.3865,0.0,60.0,13.2,7.6,13,0
11,52,heuristic,13,0.53,6.859,0.4225,0.0,65.0,13.2,7.6,15,0
11,52,heuristic,14,0.534,7.393,0.4592,0.0,70.0,13.2,7.6,17,0
11,52,heuristic,15,0.544,7.937,0.4955,0.0,75.0,13.2,7.6,18,0
11,52,heuristic,16,0.505,8.442,0.5226,0.0,80.0,13.2,7.6,18,0
11,52,heuristic,17,0.546,8.988,0.5593,0.0,85.0,13.2,7.6,19,0
11,52,heuristic,18,0.546,9.534,0.5959,0.0,90.0,13.2,7.6,20,0
11,52,heuristic,19,0.473,10.007,0.624,0.0,95.0,13.2,7.6,23,0
11,52,heuristic,20,0.42,10.427,0.6381,0.0,100.0,13.2,7.6,24,0
11,52,heuristic,21,0.584,11.011,0.6816,0.0,105.0,13.2,7.6,25,0
11,52,heuristic,22,0.593,11.604,0.7266,0.0,110.0,13.2,7.6,26,0
11,52,heuristic,23,0.534,12.138,0.7654,0.0,115.0,13.2,7.6,29,0
11,52,heuristic,24,0.593,12.731,0.8105,0.0,120.0,13.2,7.6,30,0
11,52,heuristic,25,0.606,13.337,0.8555,0.0,125.0,13.2,7.6,30,0
11,52,heuristic,26,0.554,13.891,0.8935,0.0,130.0,13.2,7.6,31,0
11,52,heuristic,27,0.599,14.49,0.9373,0.0,135.0,13.2,7.6,31,0
11,52,heuristic,28,0.599,15.089,0.9812,0.0,140.0,13.2,7.6,31,0
11,52,heuristic,29,0.956,16.045,1.0,0.0,143.0,13.2,7.6,31,1
12,53,heuristic,1,0.57,0.57,0.0301,0.0,5.0,0.0,0.0,0,0
12,53,heuristic,2,0.647,1.217,0.0762,0.0,10.0,0.0,0.0,1,0
12,53,heuristic,3,0.658,1.875,0.122,0.0,15.0,0.0,0.0,1,0
12,53,heuristic,4,0.601,2.476,0.1624,0.0,20.0,6.28,6.28,1,0
12,53,heuristic,5,0.652,3.128,0.2094,0.0,25.0,6.28,6.28,1,0
12,53,heuristic,6,0.615,3.743,0.2498,0.0,30.0,6.28,6.28,1,0
12,53,heuristic,7,0.497,4.24,0.2691,0.0,35.0,6.28,6.28,1,0
12,53,heuristic,8,0.592,4.832,0.3075,0.0,40.0,6.28,6.28,2,0
12,53,heuristic,9,0.576,5.408,0.3458,0.0,45.0,12.62,6.34,2,0
12,53,heuristic,10,0.411,5.819,0.3743,0.0,50.0,12.62,6.34,12,0
12,53,heuristic,11,0.213,6.032,0.3746,4.0,55.0,13.62,6.34,12,0
12,53,heuristic,12,0.416,6.448,0.384,4.0,60.0,12.62,6.34,13,0
12,53,heuristic,13,0.594,7.042,0.4251,4.0,65.0,12.62,6.34,14,0
12,53,heuristic,14,0.601,7.643,0.4696,4.0,70.0,12.62,6.34,16,0
12,53,heuristic,15,0.376,8.019,0.4613,4.0,75.0,12.62,6.34,16,0
12,53,heuristic,16,0.745,8.764,0.527,4.0,80.0,12.62,6.34,16,0
12,53,heuristic,17,0.579,9.343,0.5654,4.0,85.0,12.62,6.34,17,0
12,53,heuristic,18,0.592,9.935,0.6039,4.0,90.0,12.62,6.34,17,0
12,53,heuristic,19,0.276,10.211,0.5808,4.0,95.0,12.62,6.34,25,0
12,53,heuristic,20,0.797,11.008,0.6558,4.0,100.0,12.62,6.34,25,0
12,53,heuristic,21,0.627,11.635,0.7004,4.0,105.0,12.62,6.34,25,0
12,53,heuristic,22,0.6,12.235,0.7426,4.0,110.0,12.62,6.34,26,0
12,53,heuristic,23,0.432,12.667,0.7569,4.0,115.0,12.62,6.34,28,0
12,53,heuristic,24,0.575,13.242,0.7923,4.0,120.0,12.62,6.34,28,0
12,53,heuristic,25,0.591,13.833,0.8306,4.0,125.0,12.62,6.34,28,0
12,53,heuristic,26,0.59,14.423,0.8686,4.0,130.0,12.62,6.34,28,0
12,53,heuristic,27,0.478,14.901,0.8867,4.0,135.0,12.62,6.34,28,0
12,53,heuristic,28,0.62,15.521,0.9301,4.0,140.0,12.62,6.34,28,0
12,53,heuristic,29,0.633,16.154,0.9759,4.0,145.0,12.62,6.34,28,0
12,53,heuristic,30,0.967,17.121,1.0,4.0,148.0,12.62,6.34,28,1
13,54,heuristic,1,0.538,0.538,0.0269,0.0,5.0,0.0,0.0,0,0
13,54,heuristic,2,0.602,1.14,0.0673,0.0,10.0,0.0,0.0,1,0
13,54,heuristic,3,0.581,1.721,0.1079,0.0,15.0,7.87,7.87,1,0
13,54,heuristic,4,0.565,2.286,0.1424,0.0,20.0,7.87,7.87,1,0
13,54,heuristic,5,0.592,2.878,0.1839,0.0,25.0,7.87,7.87,2,0
13,54,heuristic,6,0.607,3.485,0.2258,0.0,30.0,7.87,7.87,2,0
13,54,heuristic,7,0.371,3.856,0.2079,0.0,35.0,7.87,7.87,2,0
13,54,heuristic,8,0.741,4.597,0.2736,0.0,40.0,7.87,7.87,2,0
13,54,heuristic,9,0.532,5.129,0.3075,0.0,45.0,11.92,7.87,3,0
13,54,heuristic,10,0.455,5.584,0.3416,0.0,50.0,11.92,7.87,11,0
13,54,heuristic,11,0.524,6.108,0.3723,0.0,55.0,11.92,7.87,12,0
13,54,heuristic,12,0.252,6.36,0.3746,3.0,60.0,12.92,7.87,12,0
13,54,heuristic,13,0.411,6.771,0.3853,3.0,65.0,11.92,7.87,13,0
13,54,heuristic,14,0.506,7.277,0.4196,3.0,70.0,11.92,7.87,17,0
13,54,heuristic,15,0.554,7.831,0.4534,3.0,75.0,11.92,7.87,17,0
13,54,heuristic,16,0.541,8.372,0.4871,3.0,80.0,11.92,7.87,18,0
13,54,heuristic,17,0.488,8.86,0.5115,3.0,85.0,11.92,7.87,19,0
13,54,heuristic,18,0.54,9.4,0.5451,3.0,90.0,11.92,7.87,20,0
13,54,heuristic,19,0.517,9.917,0.579,3.0,95.0,11.92,7.87,23,0
13,54,heuristic,20,0.553,10.47,0.6127,3.0,100.0,11.92,7.87,23,0
13,54,heuristic,21,0.427,10.897,0.6263,3.0,105.0,11.92,7.87,24,0
13,54,heuristic,22,0.547,11.444,0.6611,3.0,110.0,11.92,7.87,25,0
13,54,heuristic,23,0.559,12.003,0.7024,3.0,115.0,11.92,7.87,28,0
13,54,heuristic,24,0.584,12.587,0.7438,3.0,120.0,11.92,7.87,29,0
13,54,heuristic,25,0.562,13.149,0.7792,3.0,125.0,11.92,7.87,29,0
13,54,heuristic,26,0.586,13.735,0.8209,3.0,130.0,11.92,7.87,30,0
13,54,heuristic,27,0.573,14.308,0.8626,3.0,135.0,11.92,7.87,32,0
13,54,heuristic,28,0.546,14.854,0.8973,3.0,140.0,11.92,7.87,33,0
13,54,heuristic,29,0.591,15.445,0.9378,3.0,145.0,11.92,7.87,33,0
13,54,heuristic,30,0.591,16.036,0.9783,3.0,150.0,11.92,7.87,33,0
13,54,heuristic,31,0.961,16.997,1.0,3.0,153.0,11.92,7.87,33,1
14,55,heuristic,1,0.491,0.491,0.0264,0.0,5.0,5.65,5.65,0,0
14,55,heuristic,2,0.554,1.045,0.0661,0.0,10.0,5.65,5.65,1,0
14,55,heuristic,3,0.565,1.61,0.1057,0.0,15.0,5.65,5.65,1,0
14,55,heuristic,4,0.456,2.066,0.1259,0.0,20.0,5.65,5.65,1,0
14,55,heuristic,5,0.507,2.573,0.1551,0.0,25.0,5.65,5.65,1,0
14,55,heuristic,6,0.528,3.101,0.1881,0.0,30.0,5.65,5.65,1,0
14,55,heuristic,7,0.496,3.597,0.221,0.0,35.0,12.85,7.2,1,0
14,55,heuristic,8,0.491,4.088,0.2499,0.0,40.0,12.85,7.2,1,0
14,55,heuristic,9,0.401,4.489,0.2627,0.0,45.0,12.85,7.2,1,0
14,55,heuristic,10,0.404,4.893,0.3006,0.0,50.0,12.85,7.2,12,0
14,55,heuristic,11,0.546,5.439,0.3392,0.0,55.0,12.85,7.2,12,0
14,55,heuristic,12,0.316,5.755,0.2965,0.0,60.0,12.85,7.2,13,0
14,55,heuristic,13,0.779,6.534,0.4097,0.0,65.0,12.85,7.2,13,0
14,55,heuristic,14,0.507,7.041,0.448,0.0,70.0,12.85,7.2,16,0
14,55,heuristic,15,0.545,7.586,0.4865,0.0,75.0,12.85,7.2,16,0
14,55,heuristic,16,0.416,8.002,0.5021,0.0,80.0,12.85,7.2,16,0
14,55,heuristic,17,0.487,8.489,0.5302,0.0,85.0,12.85,7.2,16,0
14,55,heuristic,18,0.515,9.004,0.5633,0.0,90.0,12.85,7.2,16,0
14,55,heuristic,19,0.403,9.407,0.5965,0.0,95.0,12.85,7.2,25,0
14,55,heuristic,20,0.483,9.89,0.624,0.0,100.0,12.85,7.2,25,0
14,55,heuristic,21,0.39,10.28,0.637,0.0,105.0,12.85,7.2,26,0
14,55,heuristic,22,0.542,10.822,0.675,0.0,110.0,12.85,7.2,26,0
14,55,heuristic,23,0.507,11.329,0.7132,0.0,115.0,12.85,7.2,29,0
14,55,heuristic,24,0.527,11.856,0.7485,0.0,120.0,12.85,7.2,29,0
14,55,heuristic,25,0.402,12.258,0.7615,0.0,125.0,12.85,7.2,29,0
14,55,heuristic,26,0.514,12.772,0.7944,0.0,130.0,12.85,7.2,29,0
14,55,heuristic,27,0.505,13.277,0.8279,0.0,135.0,12.85,7.2,30,0
14,55,heuristic,28,0.49,13.767,0.861,0.0,140.0,12.85,7.2,32,0
14,55,heuristic,29,0.387,14.154,0.8759,0.0,145.0,12.85,7.2,34,0
14,55,heuristic,30,0.518,14.672,0.9096,0.0,150.0,12.85,7.2,34,0
14,55,heuristic,31,0.55,15.222,0.9489,0.0,155.0,12.85,7.2,34,0
14,55,heuristic,32,0.551,15.773,0.9885,0.0,160.0,12.85,7.2,34,0
14,55,heuristic,33,0.944,16.717,1.0,0.0,162.0,12.85,7.2,34,1
15,56,heuristic,1,0.487,0.487,0.0268,0.0,5.0,8.11,8.11,0,0
15,56,heuristic,2,0.549,1.036,0.0669,0.0,10.0,8.11,8.11,1,0
15,56,heuristic,3,0.56,1.596,0.1067,0.0,15.0,8.11,8.11,1,0
15,56,heuristic,4,0.527,2.123,0.1406,0.0,20.0,8.11,8.11,1,0
15,56,heuristic,5,0.566,2.689,0.1813,0.0,25.0,8.11,8.11,1,0
15,56,heuristic,6,0.545,3.234,0.2224,0.0,30.0,13.38,8.11,1,0
15,56,heuristic,7,0.326,3.56,0.2029,0.0,35.0,13.38,8.11,1,0
15,56,heuristic,8,0.724,4.284,0.2737,0.0,40.0,13.38,8.11,1,0
15,56,heuristic,9,0.502,4.786,0.3072,0.0,45.0,13.38,8.11,2,0
15,56,heuristic,10,0.401,5.187,0.3404,0.0,50.0,13.38,8.11,11,0
15,56,heuristic,11,0.488,5.675,0.3715,0.0,55.0,13.38,8.11,12,0
15,56,heuristic,12,0.259,5.934,0.3746,2.0,60.0,14.38,8.11,12,0
15,56,heuristic,13,0.359,6.293,0.3826,2.0,65.0,13.38,8.11,13,0
15,56,heuristic,14,0.517,6.81,0.4187,2.0,70.0,13.38,8.11,14,0
15,56,heuristic,15,0.534,7.344,0.4578,2.0,75.0,13.38,8.11,15,0
15,56,heuristic,16,0.537,7.881,0.4954,2.0,80.0,13.38,8.11,15,0
15,56,heuristic,17,0.395,8.276,0.5099,2.0,85.0,13.38,8.11,16,0
15,56,heuristic,18,0.513,8.789,0.5431,2.0,90.0,13.38,8.11,16,0
15,56,heuristic,19,0.401,9.19,0.5763,2.0,95.0,13.38,8.11,25,0
15,56,heuristic,20,0.513,9.703,0.6095,2.0,100.0,13.38,8.11,25,0
15,56,heuristic,21,0.449,10.152,0.6336,2.0,105.0,13.38,8.11,26,0
15,56,heuristic,22,0.514,10.666,0.667,2.0,110.0,13.38,8.11,26,0
15,56,heuristic,23,0.513,11.179,0.7001,2.0,115.0,13.38,8.11,26,0
15,56,heuristic,24,0.501,11.68,0.7334,2.0,120.0,13.38,8.11,27,0
15,56,heuristic,25,0.326,12.006,0.6992,2.0,125.0,13.38,8.11,27,0
15,56,heuristic,26,0.768,12.774,0.7777,2.0,130.0,13.38,8.11,27,0
15,56,heuristic,27,0.555,13.329,0.8184,2.0,135.0,13.38,8.11,27,0
15,56,heuristic,28,0.493,13.822,0.8592,2.0,140.0,13.38,8.11,32,0
15,56,heuristic,29,0.517,14.339,0.8932,2.0,145.0,13.38,8.11,32,0
15,56,heuristic,30,0.552,14.891,0.9333,2.0,150.0,13.38,8.11,32,0
15,56,heuristic,31,0.55,15.441,0.9731,2.0,155.0,13.38,8.11,32,0
15,56,heuristic,32,0.943,16.384,1.0,2.0,159.0,13.38,8.11,32,1
16,57,heuristic,1,0.481,0.481,0.0257,0.0,5.0,6.41,6.41,0,0
16,57,heuristic,2,0.528,1.009,0.0642,0.0,10.0,6.41,6.41,2,0
16,57,heuristic,3,0.524,1.533,0.1032,0.0,15.0,13.85,7.44,2,0
16,57,heuristic,4,0.322,1.855,0.0695,0.0,20.0,13.85,7.44,2,0
16,57,heuristic,5,0.755,2.61,0.1465,0.0,25.0,13.85,7.44,2,0
16,57,heuristic,6,0.504,3.114,0.1789,0.0,30.0,13.85,7.44,2,0
16,57,heuristic,7,0.504,3.618,0.2114,0.0,35.0,13.85,7.44,2,0
16,57,heuristic,8,0.505,4.123,0.244,0.0,40.0,13.85,7.44,2,0
16,57,heuristic,9,0.452,4.575,0.2671,0.0,45.0,13.85,7.44,2,0
16,57,heuristic,10,0.428,5.003,0.2994,0.0,50.0,13.85,7.44,8,0
16,57,heuristic,11,0.479,5.482,0.3317,0.0,55.0,13.85,7.44,10,0
16,57,heuristic,12,0.503,5.985,0.364,0.0,60.0,13.85,7.44,10,0
16,57,heuristic,13,0.367,6.352,0.3765,0.0,65.0,13.85,7.44,12,0
16,57,heuristic,14,0.469,6.821,0.4094,0.0,70.0,13.85,7.44,15,0
16,57,heuristic,15,0.521,7.342,0.447,0.0,75.0,13.85,7.44,16,0
16,57,heuristic,16,0.532,7.874,0.4845,0.0,80.0,13.85,7.44,16,0
16,57,heuristic,17,0.415,8.289,0.501,0.0,85.0,13.85,7.44,16,0
16,57,heuristic,18,0.471,8.76,0.5297,0.0,90.0,13.85,7.44,17,0
16,57,heuristic,19,0.441,9.201,0.5621,0.0,95.0,13.85,7.44,22,0
16,57,heuristic,20,0.491,9.692,0.5945,0.0,100.0,13.85,7.44,23,0
16,57,heuristic,21,0.493,10.185,0.6249,0.0,105.0,13.85,7.44,23,0
16,57,heuristic,22,0.376,10.561,0.6369,0.0,110.0,13.85,7.44,24,0
16,57,heuristic,23,0.516,11.077,0.6758,0.0,115.0,13.85,7.44,26,0
16,57,heuristic,24,0.534,11.611,0.7157,0.0,120.0,13.85,7.44,27,0
16,57,heuristic,25,0.408,12.019,0.7311,0.0,125.0,13.85,7.44,27,0
16,57,heuristic,26,0.647,12.666,0.7889,0.0,130.0,13.85,7.44,27,0
16,57,heuristic,27,0.545,13.211,0.8287,0.0,135.0,13.85,7.44,27,0
16,57,heuristic,28,0.506,13.717,0.8682,0.0,140.0,13.85,7.44,30,0
16,57,heuristic,29,0.493,14.21,0.9008,0.0,145.0,13.85,7.44,31,0
16,57,heuristic,30,0.54,14.75,0.9395,0.0,150.0,13.85,7.44,31,0
16,57,heuristic,31,0.539,15.289,0.9782,0.0,155.0,13.85,7.44,31,0
16,57,heuristic,32,0.941,16.23,1.0,0.0,158.0,13.85,7.44,31,1
17,58,heuristic,1,0.522,0.522,0.0269,0.0,5.0,0.0,0.0,0,0
17,58,heuristic,2,0.538,1.06,0.0672,0.0,10.0,8.05,8.05,2,0
17,58,heuristic,3,0.582,1.642,0.1075,0.0,15.0,8.05,8.05,2,0
17,58,heuristic,4,0.461,2.103,0.1262,0.0,20.0,8.05,8.05,2,0
17,58,heuristic,5,0.521,2.624,0.1557,0.0,25.0,8.05,8.05,2,0
17,58,heuristic,6,0.531,3.155,0.1892,0.0,30.0,8.05,8.05,3,0
17,58,heuristic,7,0.513,3.668,0.2231,0.0,35.0,15.73,8.05,3,0
17,58,heuristic,8,0.34,4.008,0.2165,0.0,40.0,15.73,8.05,3,0
17,58,heuristic,9,0.702,4.71,0.2808,0.0,45.0,15.73,8.05,3,0
17,58,heuristic,10,0.466,5.176,0.3143,0.0,50.0,15.73,8.05,8,0
17,58,heuristic,11,0.504,5.68,0.3479,0.0,55.0,15.73,8.05,10,0
17,58,heuristic,12,0.34,6.02,0.3351,0.0,60.0,15.73,8.05,10,0
17,58,heuristic,13,0.736,6.756,0.4055,0.0,65.0,15.73,8.05,10,0
17,58,heuristic,14,0.515,7.271,0.4388,0.0,70.0,15.73,8.05,11,0
17,58,heuristic,15,0.518,7.789,0.4726,0.0,75.0,15.73,8.05,12,0
17,58,heuristic,16,0.34,8.129,0.4471,0.0,80.0,15.73,8.05,12,0
17,58,heuristic,17,0.746,8.875,0.5192,0.0,85.0,15.73,8.05,12,0
17,58,heuristic,18,0.56,9.435,0.5605,0.0,90.0,15.73,8.05,13,0
17,58,heuristic,19,0.522,9.957,0.6017,0.0,95.0,15.73,8.05,17,0
17,58,heuristic,20,0.524,10.481,0.6365,0.0,100.0,15.73,8.05,18,0
17,58,heuristic,21,0.572,11.053,0.6778,0.0,105.0,15.73,8.05,18,0
17,58,heuristic,22,0.573,11.626,0.7192,0.0,110.0,15.73,8.05,18,0
17,58,heuristic,23,0.524,12.15,0.754,0.0,115.0,15.73,8.05,19,0
17,58,heuristic,24,0.572,12.722,0.7952,0.0,120.0,15.73,8.05,19,0
17,58,heuristic,25,0.572,13.294,0.8363,0.0,125.0,15.73,8.05,19,0
17,58,heuristic,26,0.542,13.836,0.8722,0.0,130.0,15.73,8.05,19,0
17,58,heuristic,27,0.499,14.335,0.9026,0.0,135.0,15.73,8.05,20,0
17,58,heuristic,28,0.566,14.901,0.9426,0.0,140.0,15.73,8.05,20,0
17,58,heuristic,29,0.566,15.467,0.9827,0.0,145.0,15.73,8.05,20,0
17,58,heuristic,30,0.951,16.418,1.0,0.0,148.0,15.73,8.05,20,1
18,59,heuristic,1,0.488,0.488,0.0252,0.0,5.0,7.56,7.56,0,0
18,59,heuristic,2,0.545,1.033,0.0628,0.0,10.0,7.56,7.56,1,0
18,59,heuristic,3,0.56,1.593,0.1007,0.0,15.0,7.56,7.56,1,0
18,59,heuristic,4,0.346,1.939,0.0709,0.0,20.0,7.56,7.56,1,0
18,59,heuristic,5,0.739,2.678,0.1472,0.0,25.0,15.91,8.35,1,0
18,59,heuristic,6,0.506,3.184,0.1785,0.0,30.0,15.91,8.35,1,0
18,59,heuristic,7,0.506,3.69,0.2099,0.0,35.0,15.91,8.35,1,0
18,59,heuristic,8,0.507,4.197,0.2413,0.0,40.0,15.91,8.35,1,0
18,59,heuristic,9,0.386,4.583,0.2512,0.0,45.0,15.91,8.35,1,0
18,59,heuristic,10,0.392,4.975,0.2823,0.0,50.0,15.91,8.35,10,0
18,59,heuristic,11,0.511,5.486,0.319,0.0,55.0,15.91,8.35,12,0
18,59,heuristic,12,0.536,6.022,0.3555,0.0,60.0,15.91,8.35,12,0
18,59,heuristic,13,0.488,6.51,0.3859,0.0,65.0,15.91,8.35,13,0
18,59,heuristic,14,0.5,7.01,0.4228,0.0,70.0,15.91,8.35,16,0
18,59,heuristic,15,0.536,7.546,0.4595,0.0,75.0,15.91,8.35,16,0
18,59,heuristic,16,0.531,8.077,0.4953,0.0,80.0,15.91,8.35,16,0
18,59,heuristic,17,0.413,8.49,0.5101,0.0,85.0,15.91,8.35,16,0
18,59,heuristic,18,0.493,8.983,0.5413,0.0,90.0,15.91,8.35,17,0
18,59,heuristic,19,0.418,9.401,0.5726,0.0,95.0,15.91,8.35,24,0
18,59,heuristic,20,0.481,9.882,0.604,0.0,100.0,15.91,8.35,26,0
18,59,heuristic,21,0.366,10.248,0.6105,0.0,105.0,15.91,8.35,26,0
18,59,heuristic,22,0.515,10.763,0.6433,0.0,110.0,15.91,8.35,26,0
18,59,heuristic,23,0.5,11.263,0.6802,0.0,115.0,15.91,8.35,29,0
18,59,heuristic,24,0.535,11.798,0.7166,0.0,120.0,15.91,8.35,29,0
18,59,heuristic,25,0.517,12.315,0.7498,0.0,125.0,15.91,8.35,29,0
18,59,heuristic,26,0.425,12.74,0.7667,0.0,130.0,15.91,8.35,29,0
18,59,heuristic,27,0.506,13.246,0.7981,0.0,135.0,15.91,8.35,29,0
18,59,heuristic,28,0.482,13.728,0.8295,0.0,140.0,15.91,8.35,31,0
18,59,heuristic,29,0.48,14.208,0.8607,0.0,145.0,15.91,8.35,33,0
18,59,heuristic,30,0.399,14.607,0.8752,0.0,150.0,15.91,8.35,34,0
18,59,heuristic,31,0.51,15.117,0.9073,0.0,155.0,15.91,8.35,34,0
18,59,heuristic,32,0.541,15.658,0.9448,0.0,160.0,15.91,8.35,34,0
18,59,heuristic,33,0.542,16.2,0.9825,0.0,165.0,15.91,8.35,34,0
18,59,heuristic,34,0.946,17.146,1.0,0.0,168.0,15.91,8.35,34,1
19,60,heuristic,1,0.532,0.532,0.0257,0.0,5.0,0.0,0.0,0,0
19,60,heuristic,2,0.571,1.103,0.0647,0.0,10.0,8.41,8.41,0,0
19,60,heuristic,3,0.59,1.693,0.1037,0.0,15.0,8.41,8.41,0,0
19,60,heuristic,4,0.557,2.25,0.1368,0.0,20.0,8.41,8.41,0,0
19,60,heuristic,5,0.584,2.834,0.177,0.0,25.0,8.41,8.41,1,0
19,60,heuristic,6,0.595,3.429,0.2169,0.0,30.0,8.41,8.41,1,0
19,60,heuristic,7,0.56,3.989,0.2506,0.0,35.0,8.41,8.41,1,0
19,60,heuristic,8,0.569,4.558,0.2905,0.0,40.0,14.49,8.41,1,0
19,60,heuristic,9,0.582,5.14,0.3302,0.0,45.0,14.49,8.41,1,0
19,60,heuristic,10,0.488,5.628,0.3687,0.0,50.0,14.49,8.41,8,0
19,60,heuristic,11,0.427,6.055,0.3807,0.0,55.0,14.49,8.41,8,0
19,60,heuristic,12,0.496,6.551,0.4118,0.0,60.0,14.49,8.41,11,0
19,60,heuristic,13,0.53,7.081,0.4445,0.0,65.0,14.49,8.41,12,0
19,60,heuristic,14,0.543,7.624,0.4772,0.0,70.0,14.49,8.41,12,0
19,60,heuristic,15,0.388,8.012,0.4846,0.0,75.0,14.49,8.41,13,0
19,60,heuristic,16,0.555,8.567,0.5195,0.0,80.0,14.49,8.41,13,0
19,60,heuristic,17,0.572,9.139,0.5574,0.0,85.0,14.49,8.41,13,0
19,60,heuristic,18,0.572,9.711,0.5952,0.0,90.0,14.49,8.41,13,0
19,60,heuristic,19,0.439,10.15,0.625,0.0,95.0,14.49,8.41,20,0
19,60,heuristic,20,0.455,10.605,0.642,0.0,100.0,14.49,8.41,20,0
19,60,heuristic,21,0.514,11.119,0.674,0.0,105.0,14.49,8.41,22,0
19,60,heuristic,22,0.544,11.663,0.7068,0.0,110.0,14.49,8.41,22,0
19,60,heuristic,23,0.542,12.205,0.7394,0.0,115.0,14.49,8.41,22,0
19,60,heuristic,24,0.477,12.682,0.7626,0.0,120.0,14.49,8.41,23,0
19,60,heuristic,25,0.541,13.223,0.795,0.0,125.0,14.49,8.41,23,0
19,60,heuristic,26,0.542,13.765,0.8275,0.0,130.0,14.49,8.41,23,0
19,60,heuristic,27,0.53,14.295,0.8601,0.0,135.0,14.49,8.41,24,0
19,60,heuristic,28,0.393,14.688,0.8751,0.0,140.0,14.49,8.41,28,0
19,60,heuristic,29,0.542,15.23,0.9077,0.0,145.0,14.49,8.41,28,0
19,60,heuristic,30,0.579,15.809,0.9468,0.0,150.0,14.49,8.41,28,0
19,60,heuristic,31,0.578,16.387,0.9857,0.0,155.0,14.49,8.41,28,0
19,60,heuristic,32,0.96,17.347,1.0,0.0,157.0,14.49,8.41,28,1
20,61,heuristic,1,0.516,0.516,0.0284,0.0,5.0,0.0,0.0,0,0
20,61,heuristic,2,0.57,1.086,0.0715,0.0,10.0,3.51,3.51,1,0
20,61,heuristic,3,0.588,1.674,0.1141,0.0,15.0,3.51,3.51,1,0
20,61,heuristic,4,0.412,2.086,0.1308,0.0,20.0,10.73,7.22,1,0
20,61,heuristic,5,0.511,2.597,0.1644,0.0,25.0,10.73,7.22,2,0
20,61,heuristic,6,0.537,3.134,0.2004,0.0,30.0,10.73,7.22,2,0
20,61,heuristic,7,0.537,3.671,0.2363,0.0,35.0,10.73,7.22,2,0
20,61,heuristic,8,0.421,4.092,0.2516,0.0,40.0,10.73,7.22,2,0
20,61,heuristic,9,0.534,4.626,0.2871,0.0,45.0,10.73,7.22,2,0
20,61,heuristic,10,0.444,5.07,0.3287,0.0,50.0,10.73,7.22,12,0
20,61,heuristic,11,0.563,5.633,0.3693,0.0,55.0,10.73,7.22,12,0
20,61,heuristic,12,0.412,6.045,0.3853,0.0,60.0,10.73,7.22,13,0
20,61,heuristic,13,0.495,6.54,0.4205,0.0,65.0,10.73,7.22,16,0
20,61,heuristic,14,0.526,7.066,0.4567,0.0,70.0,10.73,7.22,17,0
20,61,heuristic,15,0.524,7.59,0.4926,0.0,75.0,10.73,7.22,18,0
20,61,heuristic,16,0.411,8.001,0.5061,0.0,80.0,10.73,7.22,18,0
20,61,heuristic,17,0.552,8.553,0.5447,0.0,85.0,10.73,7.22,18,0
20,61,heuristic,18,0.568,9.121,0.5863,0.0,90.0,10.73,7.22,18,0
20,61,heuristic,19,0.235,9.356,0.5597,0.0,95.0,10.73,7.22,26,0
20,61,heuristic,20,0.785,10.141,0.6637,0.0,100.0,10.73,7.22,26,0
20,61,heuristic,21,0.57,10.711,0.7055,0.0,105.0,10.73,7.22,26,0
20,61,heuristic,22,0.541,11.252,0.7444,0.0,110.0,10.73,7.22,27,0
20,61,heuristic,23,0.414,11.666,0.7607,0.0,115.0,10.73,7.22,28,0
20,61,heuristic,24,0.534,12.2,0.7961,0.0,120.0,10.73,7.22,28,0
20,61,heuristic,25,0.535,12.735,0.8317,0.0,125.0,10.73,7.22,28,0
20,61,heuristic,26,0.535,13.27,0.8673,0.0,130.0,10.73,7.22,28,0
20,61,heuristic,27,0.42,13.69,0.8825,0.0,135.0,10.73,7.22,28,0
20,61,heuristic,28,0.56,14.25,0.9225,0.0,140.0,10.73,7.22,28,0
20,61,heuristic,29,0.577,14.827,0.9655,0.0,145.0,10.73,7.22,28,0
20,61,heuristic,30,0.946,15.773,1.0,0.0,150.0,10.73,7.22,28,1
21,62,heuristic,1,0.492,0.492,0.0264,0.0,5.0,4.67,4.67,0,0
21,62,heuristic,2,0.555,1.047,0.0664,0.0,10.0,4.67,4.67,1,0
21,62,heuristic,3,0.567,1.614,0.1062,0.0,15.0,4.67,4.67,1,0
21,62,heuristic,4,0.455,2.069,0.1262,0.0,20.0,4.67,4.67,1,0
21,62,heuristic,5,0.48,2.549,0.1551,0.0,25.0,10.65,5.98,1,0
21,62,heuristic,6,0.519,3.068,0.1884,0.0,30.0,10.65,5.98,1,0
21,62,heuristic,7,0.519,3.587,0.2218,0.0,35.0,10.65,5.98,1,0
21,62,heuristic,8,0.331,3.918,0.1726,0.0,40.0,10.65,5.98,1,0
21,62,heuristic,9,0.781,4.699,0.2685,0.0,45.0,10.65,5.98,1,0
21,62,heuristic,10,0.424,5.123,0.3071,0.0,50.0,10.65,5.98,11,0
21,62,heuristic,11,0.538,5.661,0.3461,0.0,55.0,10.65,5.98,12,0
21,62,heuristic,12,0.514,6.175,0.3786,0.0,60.0,10.65,5.98,12,0
21,62,heuristic,13,0.524,6.699,0.4173,0.0,65.0,10.65,5.98,14,0
21,62,heuristic,14,0.549,7.248,0.4561,0.0,70.0,10.65,5.98,14,0
21,62,heuristic,15,0.551,7.799,0.4952,0.0,75.0,10.65,5.98,14,0
21,62,heuristic,16,0.514,8.313,0.5276,0.0,80.0,10.65,5.98,14,0
21,62,heuristic,17,0.548,8.861,0.5662,0.0,85.0,10.65,5.98,14,0
21,62,heuristic,18,0.549,9.41,0.6049,0.0,90.0,10.65,5.98,14,0
21,62,heuristic,19,0.362,9.772,0.6258,0.0,95.0,10.65,5.98,21,0
21,62,heuristic,20,0.495,10.267,0.6549,0.0,100.0,10.65,5.98,21,0
21,62,heuristic,21,0.505,10.772,0.6881,0.0,105.0,10.65,5.98,22,0
21,62,heuristic,22,0.494,11.266,0.7215,0.0,110.0,10.65,5.98,24,0
21,62,heuristic,23,0.331,11.597,0.6934,0.0,115.0,10.65,5.98,24,0
21,62,heuristic,24,0.781,12.378,0.7789,0.0,120.0,10.65,5.98,24,0
21,62,heuristic,25,0.507,12.885,0.8123,0.0,125.0,10.65,5.98,25,0
21,62,heuristic,26,0.52,13.405,0.8458,0.0,130.0,10.65,5.98,25,0
21,62,heuristic,27,0.488,13.893,0.8737,0.0,135.0,10.65,5.98,25,0
21,62,heuristic,28,0.353,14.246,0.8865,0.0,140.0,10.65,5.98,29,0
21,62,heuristic,29,0.548,14.794,0.9251,0.0,145.0,10.65,5.98,29,0
21,62,heuristic,30,0.556,15.35,0.965,0.0,150.0,10.65,5.98,29,0
21,62,heuristic,31,0.944,16.294,1.0,0.0,155.0,10.65,5.98,29,1
22,63,heuristic,1,0.549,0.549,0.0352,0.0,5.0,0.0,0.0,0,0
22,63,heuristic,2,0.602,1.151,0.0894,0.0,10.0,6.74,6.74,2,0
22,63,heuristic,3,0.338,1.489,0.0716,0.0,15.0,6.74,6.74,2,0
22,63,heuristic,4,0.788,2.277,0.1549,0.0,20.0,6.74,6.74,2,0
22,63,heuristic,5,0.593,2.87,0.2002,0.0,25.0,6.74,6.74,2,0
22,63,heuristic,6,0.594,3.464,0.2458,0.0,30.0,6.74,6.74,2,0
22,63,heuristic,7,0.508,3.972,0.2818,0.0,35.0,14.23,7.49,2,0
22,63,heuristic,8,0.578,4.55,0.3271,0.0,40.0,14.23,7.49,2,0
22,63,heuristic,9,0.565,5.115,0.37,0.0,45.0,14.23,7.49,2,0
22,63,heuristic,10,0.361,5.476,0.39,0.0,50.0,14.23,7.49,8,0
22,63,heuristic,11,0.539,6.015,0.4396,0.0,55.0,14.23,7.49,13,0
22,63,heuristic,12,0.619,6.634,0.4922,0.0,60.0,14.23,7.49,13,0
22,63,heuristic,13,0.559,7.193,0.5387,0.0,65.0,14.23,7.49,15,0
22,63,heuristic,14,0.582,7.775,0.5914,0.0,70.0,14.23,7.49,18,0
22,63,heuristic,15,0.436,8.211,0.6115,0.0,75.0,14.23,7.49,18,0
22,63,heuristic,16,0.567,8.778,0.6548,0.0,80.0,14.23,7.49,18,0
22,63,heuristic,17,0.578,9.356,0.7001,0.0,85.0,14.23,7.49,18,0
22,63,heuristic,18,0.563,9.919,0.7428,0.0,90.0,14.23,7.49,18,0
22,63,heuristic,19,0.352,10.271,0.759,0.0,95.0,14.23,7.49,23,0
22,63,heuristic,20,0.582,10.853,0.8073,0.0,100.0,14.23,7.49,24,0
22,63,heuristic,21,0.637,11.49,0.8631,0.0,105.0,14.23,7.49,24,0
22,63,heuristic,22,0.597,12.087,0.9118,0.0,110.0,14.23,7.49,24,0
22,63,heuristic,23,0.629,12.716,0.9661,0.0,115.0,14.23,7.49,24,0
22,63,heuristic,24,0.942,13.658,1.0,0.0,119.0,14.23,7.49,24,1
23,64,heuristic,1,0.529,0.529,0.0263,0.0,5.0,3.92,3.92,0,0
23,64,heuristic,2,0.59,1.119,0.0658,0.0,10.0,3.92,3.92,1,0
23,64,heuristic,3,0.602,1.721,0.1051,0.0,15.0,3.92,3.92,1,0
23,64,heuristic,4,0.571,2.292,0.1389,0.0,20.0,3.92,3.92,1,0
23,64,heuristic,5,0.597,2.889,0.1795,0.0,25.0,3.92,3.92,2,0
23,64,heuristic,6,0.608,3.497,0.22,0.0,30.0,3.92,3.92,2,0
23,64,heuristic,7,0.381,3.878,0.1457,0.0,35.0,3.92,3.92,2,0
23,64,heuristic,8,0.814,4.692,0.2677,0.0,40.0,7.78,3.92,2,0
23,64,heuristic,9,0.559,5.251,0.3006,0.0,45.0,7.78,3.92,2,0
23,64,heuristic,10,0.446,5.697,0.3336,0.0,50.0,7.78,3.92,11,0
23,64,heuristic,11,0.545,6.242,0.3664,0.0,55.0,7.78,3.92,12,0
23,64,heuristic,12,0.335,6.577,0.3746,2.0,60.0,8.78,3.92,12,0
23,64,heuristic,13,0.415,6.992,0.3842,2.0,65.0,7.78,3.92,13,0
23,64,heuristic,14,0.509,7.501,0.4173,2.0,70.0,7.78,3.92,17,0
23,64,heuristic,15,0.559,8.06,0.4504,2.0,75.0,7.78,3.92,17,0
23,64,heuristic,16,0.547,8.607,0.4835,2.0,80.0,7.78,3.92,18,0
23,64,heuristic,17,0.373,8.98,0.4473,2.0,85.0,7.78,3.92,18,0
23,64,heuristic,18,0.821,9.801,0.5269,2.0,90.0,7.78,3.92,18,0
23,64,heuristic,19,0.502,10.303,0.5653,2.0,95.0,7.78,3.92,25,0
23,64,heuristic,20,0.589,10.892,0.6037,2.0,100.0,7.78,3.92,25,0
23,64,heuristic,21,0.553,11.445,0.6357,2.0,105.0,7.78,3.92,25,0
23,64,heuristic,22,0.589,12.034,0.6741,2.0,110.0,7.78,3.92,25,0
23,64,heuristic,23,0.565,12.599,0.7126,2.0,115.0,7.78,3.92,27,0
23,64,heuristic,24,0.569,13.168,0.7474,2.0,120.0,7.78,3.92,27,0
23,64,heuristic,25,0.434,13.602,0.7604,2.0,125.0,7.78,3.92,28,0
23,64,heuristic,26,0.558,14.16,0.7933,2.0,130.0,7.78,3.92,28,0
23,64,heuristic,27,0.547,14.707,0.8264,2.0,135.0,7.78,3.92,29,0
23,64,heuristic,28,0.521,15.228,0.8594,2.0,140.0,7.78,3.92,32,0
23,64,heuristic,29,0.361,15.589,0.8243,2.0,145.0,7.78,3.92,33,0
23,64,heuristic,30,0.81,16.399,0.902,2.0,150.0,7.78,3.92,33,0
23,64,heuristic,31,0.595,16.994,0.9414,2.0,155.0,7.78,3.92,33,0
23,64,heuristic,32,0.597,17.591,0.9812,2.0,160.0,7.78,3.92,33,0
23,64,heuristic,33,0.964,18.555,1.0,2.0,163.0,7.78,3.92,33,1
24,65,heuristic,1,0.547,0.547,0.027,0.0,5.0,0.0,0.0,0,0
24,65,heuristic,2,0.61,1.157,0.0674,0.0,10.0,0.0,0.0,1,0
24,65,heuristic,3,0.624,1.781,0.108,0.0,15.0,0.0,0.0,1,0
24,65,heuristic,4,0.592,2.373,0.1429,0.0,20.0,0.0,0.0,1,0
24,65,heuristic,5,0.63,3.003,0.1847,0.0,25.0,0.0,0.0,1,0
24,65,heuristic,6,0.63,3.633,0.2263,0.0,30.0,0.0,0.0,1,0
24,65,heuristic,7,0.362,3.995,0.2073,0.0,35.0,7.86,7.86,1,0
24,65,heuristic,8,0.723,4.718,0.2743,0.0,40.0,15.78,7.92,1,0
24,65,heuristic,9,0.555,5.273,0.3082,0.0,45.0,15.78,7.92,1,0
24,65,heuristic,10,0.43,5.703,0.3421,0.0,50.0,15.78,7.92,11,0
24,65,heuristic,11,0.524,6.227,0.3725,0.0,55.0,15.78,7.92,12,0
24,65,heuristic,12,0.252,6.479,0.3746,3.0,60.0,16.78,7.92,12,0
24,65,heuristic,13,0.397,6.876,0.3824,3.0,65.0,15.78,7.92,13,0
24,65,heuristic,14,0.548,7.424,0.4194,3.0,70.0,15.78,7.92,15,0
24,65,heuristic,15,0.587,8.011,0.4589,3.0,75.0,15.78,7.92,15,0
24,65,heuristic,16,0.589,8.6,0.4987,3.0,80.0,15.78,7.92,15,0
24,65,heuristic,17,0.551,9.151,0.5318,3.0,85.0,15.78,7.92,15,0
24,65,heuristic,18,0.585,9.736,0.571,3.0,90.0,15.78,7.92,15,0
24,65,heuristic,19,0.51,10.246,0.6102,3.0,95.0,15.78,7.92,21,0
24,65,heuristic,20,0.455,10.701,0.6263,3.0,100.0,15.78,7.92,21,0
24,65,heuristic,21,0.531,11.232,0.6559,3.0,105.0,15.78,7.92,21,0
24,65,heuristic,22,0.543,11.775,0.6897,3.0,110.0,15.78,7.92,22,0
24,65,heuristic,23,0.53,12.305,0.7236,3.0,115.0,15.78,7.92,24,0
24,65,heuristic,24,0.365,12.67,0.7207,3.0,120.0,15.78,7.92,24,0
24,65,heuristic,25,0.708,13.378,0.7817,3.0,125.0,15.78,7.92,24,0
24,65,heuristic,26,0.541,13.919,0.8153,3.0,130.0,15.78,7.92,25,0
24,65,heuristic,27,0.554,14.473,0.849,3.0,135.0,15.78,7.92,25,0
24,65,heuristic,28,0.315,14.788,0.8452,3.0,140.0,15.78,7.92,29,0
24,65,heuristic,29,0.639,15.427,0.894,3.0,145.0,15.78,7.92,29,0
24,65,heuristic,30,0.594,16.021,0.9347,3.0,150.0,15.78,7.92,29,0
24,65,heuristic,31,0.594,16.615,0.9754,3.0,155.0,15.78,7.92,29,0
24,65,heuristic,32,0.963,17.578,1.0,3.0,159.0,15.78,7.92,29,1
25,66,heuristic,1,0.489,0.489,0.0267,0.0,5.0,4.93,4.93,0,0
25,66,heuristic,2,0.519,1.008,0.0671,0.0,10.0,10.15,5.22,2,0
25,66,heuristic,3,0.554,1.562,0.107,0.0,15.0,10.15,5.22,2,0
25,66,heuristic,4,0.437,1.999,0.1262,0.0,20.0,10.15,5.22,2,0
25,66,heuristic,5,0.494,2.493,0.1555,0.0,25.0,10.15,5.22,2,0
25,66,heuristic,6,0.517,3.01,0.189,0.0,30.0,10.15,5.22,2,0
25,66,heuristic,7,0.516,3.526,0.2222,0.0,35.0,10.15,5.22,2,0
25,66,heuristic,8,0.329,3.855,0.2001,0.0,40.0,10.15,5.22,2,0
25,66,heuristic,9,0.776,4.631,0.2795,0.0,45.0,10.15,5.22,2,0
25,66,heuristic,10,0.443,5.074,0.3131,0.0,50.0,10.15,5.22,8,0
25,66,heuristic,11,0.493,5.567,0.3467,0.0,55.0,10.15,5.22,10,0
25,66,heuristic,12,0.329,5.896,0.2933,0.0,60.0,10.15,5.22,10,0
25,66,heuristic,13,0.779,6.675,0.3937,0.0,65.0,10.15,5.22,10,0
25,66,heuristic,14,0.499,7.174,0.4328,0.0,70.0,10.15,5.22,14,0
25,66,heuristic,15,0.551,7.725,0.4722,0.0,75.0,10.15,5.22,14,0
25,66,heuristic,16,0.515,8.24,0.5052,0.0,80.0,10.15,5.22,14,0
25,66,heuristic,17,0.522,8.762,0.544,0.0,85.0,10.15,5.22,16,0
25,66,heuristic,18,0.55,9.312,0.5832,0.0,90.0,10.15,5.22,16,0
25,66,heuristic,19,0.486,9.798,0.6222,0.0,95.0,10.15,5.22,21,0
25,66,heuristic,20,0.503,10.301,0.6554,0.0,100.0,10.15,5.22,22,0
25,66,heuristic,21,0.549,10.85,0.6944,0.0,105.0,10.15,5.22,22,0
25,66,heuristic,22,0.549,11.399,0.7335,0.0,110.0,10.15,5.22,22,0
25,66,heuristic,23,0.391,11.79,0.7511,0.0,115.0,10.15,5.22,25,0
25,66,heuristic,24,0.493,12.283,0.7802,0.0,120.0,10.15,5.22,25,0
25,66,heuristic,25,0.518,12.801,0.8137,0.0,125.0,10.15,5.22,25,0
25,66,heuristic,26,0.507,13.308,0.8476,0.0,130.0,10.15,5.22,26,0
25,66,heuristic,27,0.467,13.775,0.8743,0.0,135.0,10.15,5.22,27,0
25,66,heuristic,28,0.182,13.957,0.8746,3.0,140.0,11.15,5.22,29,0
25,66,heuristic,29,0.363,14.32,0.8828,3.0,145.0,10.15,5.22,30,0
25,66,heuristic,30,0.538,14.858,0.9199,3.0,150.0,10.15,5.22,30,0
25,66,heuristic,31,0.555,15.413,0.9599,3.0,155.0,10.15,5.22,30,0
25,66,heuristic,32,0.943,16.356,1.0,3.0,160.0,10.15,5.22,30,1
26,67,heuristic,1,0.499,0.499,0.0285,0.0,5.0,7.57,7.57,0,0
26,67,heuristic,2,0.583,1.082,0.0719,0.0,10.0,7.57,7.57,0,0
26,67,heuristic,3,0.475,1.557,0.1152,0.0,15.0,13.87,7.57,0,0
26,67,heuristic,4,0.46,2.017,0.1531,0.0,20.0,13.87,7.57,0,0
26,67,heuristic,5,0.495,2.512,0.1972,0.0,25.0,13.87,7.57,0,0
26,67,heuristic,6,0.497,3.009,0.2417,0.0,30.0,13.87,7.57,0,0
26,67,heuristic,7,0.46,3.469,0.2798,0.0,35.0,13.87,7.57,0,0
26,67,heuristic,8,0.483,3.952,0.3241,0.0,40.0,13.87,7.57,1,0
26,67,heuristic,9,0.485,4.437,0.3665,0.0,45.0,13.87,7.57,1,0
26,67,heuristic,10,0.369,4.806,0.4037,0.0,50.0,13.87,7.57,8,0
26,67,heuristic,11,0.495,5.301,0.448,0.0,55.0,13.87,7.57,8,0
26,67,heuristic,12,0.49,5.791,0.4913,0.0,60.0,13.87,7.57,8,0
26,67,heuristic,13,0.327,6.118,0.5056,0.0,65.0,13.87,7.57,8,0
26,67,heuristic,14,0.438,6.556,0.5395,0.0,70.0,13.87,7.57,8,0
26,67,heuristic,15,0.45,7.006,0.5757,0.0,75.0,13.87,7.57,8,0
26,67,heuristic,16,0.437,7.443,0.6119,0.0,80.0,13.87,7.57,9,0
26,67,heuristic,17,0.273,7.716,0.6245,1.0,85.0,14.87,7.57,9,0
26,67,heuristic,18,0.289,8.005,0.6344,1.0,90.0,13.87,7.57,10,0
26,67,heuristic,19,0.361,8.366,0.6703,1.0,95.0,13.87,7.57,17,0
26,67,heuristic,20,0.449,8.815,0.7063,1.0,100.0,13.87,7.57,17,0
26,67,heuristic,21,0.437,9.252,0.7423,1.0,105.0,13.87,7.57,18,0
26,67,heuristic,22,0.399,9.651,0.7694,1.0,110.0,13.87,7.57,18,0
26,67,heuristic,23,0.449,10.1,0.8055,1.0,115.0,13.87,7.57,18,0
26,67,heuristic,24,0.449,10.549,0.8415,1.0,120.0,13.87,7.57,18,0
26,67,heuristic,25,0.432,10.981,0.8745,1.0,125.0,13.87,7.57,18,0
26,67,heuristic,26,0.314,11.295,0.8886,1.0,130.0,13.87,7.57,19,0
26,67,heuristic,27,0.484,11.779,0.9308,1.0,135.0,13.87,7.57,19,0
26,67,heuristic,28,0.49,12.269,0.9741,1.0,140.0,13.87,7.57,19,0
26,67,heuristic,29,0.943,13.212,1.0,1.0,143.0,13.87,7.57,19,1
27,68,heuristic,1,0.498,0.498,0.0239,0.0,5.0,0.0,0.0,0,0
27,68,heuristic,2,0.55,1.048,0.0593,0.0,10.0,0.0,0.0,1,0
27,68,heuristic,3,0.481,1.529,0.0945,0.0,15.0,0.0,0.0,1,0
27,68,heuristic,4,0.34,1.869,0.1045,0.0,20.0,0.0,0.0,1,0
27,68,heuristic,5,0.598,2.467,0.1605,0.0,25.0,0.0,0.0,1,0
27,68,heuristic,6,0.488,2.955,0.1969,0.0,30.0,0.0,0.0,1,0
27,68,heuristic,7,0.487,3.442,0.2331,0.0,35.0,0.0,0.0,1,0
27,68,heuristic,8,0.381,3.823,0.2504,0.0,40.0,0.0,0.0,1,0
27,68,heuristic,9,0.39,4.213,0.2765,0.0,45.0,9.25,4.72,1,0
27,68,heuristic,10,0.309,4.522,0.3065,0.0,50.0,9.25,4.72,11,0
27,68,heuristic,11,0.42,4.942,0.3364,0.0,55.0,9.25,4.72,12,0
27,68,heuristic,12,0.431,5.373,0.3659,0.0,60.0,9.25,4.72,12,0
27,68,heuristic,13,0.308,5.681,0.3758,0.0,65.0,9.25,4.72,13,0
27,68,heuristic,14,0.437,6.118,0.4064,0.0,70.0,9.25,4.72,13,0
27,68,heuristic,15,0.434,6.552,0.4408,0.0,75.0,9.25,4.72,15,0
27,68,heuristic,16,0.459,7.011,0.4753,0.0,80.0,9.25,4.72,15,0
27,68,heuristic,17,0.425,7.436,0.5037,0.0,85.0,9.25,4.72,15,0
27,68,heuristic,18,0.459,7.895,0.5382,0.0,90.0,9.25,4.72,15,0
27,68,heuristic,19,0.383,8.278,0.5726,0.0,95.0,9.25,4.72,21,0
27,68,heuristic,20,0.462,8.74,0.6075,0.0,100.0,9.25,4.72,21,0
27,68,heuristic,21,0.366,9.106,0.6255,0.0,105.0,9.25,4.72,21,0
27,68,heuristic,22,0.414,9.52,0.652,0.0,110.0,9.25,4.72,21,0
27,68,heuristic,23,0.421,9.941,0.6818,0.0,115.0,9.25,4.72,22,0
27,68,heuristic,24,0.408,10.349,0.7117,0.0,120.0,9.25,4.72,24,0
27,68,heuristic,25,0.433,10.782,0.7416,0.0,125.0,9.25,4.72,24,0
27,68,heuristic,26,0.379,11.161,0.7618,0.0,130.0,9.25,4.72,24,0
27,68,heuristic,27,0.408,11.569,0.7916,0.0,135.0,9.25,4.72,26,0
27,68,heuristic,28,0.396,11.965,0.8215,0.0,140.0,9.25,4.72,29,0
27,68,heuristic,29,0.419,12.384,0.8511,0.0,145.0,9.25,4.72,30,0
27,68,heuristic,30,0.345,12.729,0.8255,0.0,150.0,9.25,4.72,30,0
27,68,heuristic,31,0.717,13.446,0.8916,0.0,155.0,9.25,4.72,30,0
27,68,heuristic,32,0.545,13.991,0.9272,0.0,160.0,9.25,4.72,30,0
27,68,heuristic,33,0.547,14.538,0.9631,0.0,165.0,9.25,4.72,30,0
27,68,heuristic,34,0.544,15.082,0.9984,0.0,170.0,9.25,4.72,30,0
27,68,heuristic,35,0.951,16.033,1.0,0.0,171.0,9.25,4.72,30,1
28,69,heuristic,1,0.518,0.518,0.0237,0.0,5.0,0.0,0.0,0,0
28,69,heuristic,2,0.582,1.1,0.0589,0.0,10.0,0.0,0.0,0,0
28,69,heuristic,3,0.501,1.601,0.094,0.0,15.0,0.0,0.0,0,0
28,69,heuristic,4,0.281,1.882,0.0893,0.0,20.0,5.38,5.38,0,0
28,69,heuristic,5,0.687,2.569,0.1592,0.0,25.0,5.38,5.38,0,0
28,69,heuristic,6,0.497,3.066,0.1953,0.0,30.0,5.38,5.38,0,0
28,69,heuristic,7,0.476,3.542,0.2316,0.0,35.0,10.41,5.38,0,0
28,69,heuristic,8,0.453,3.995,0.2617,0.0,40.0,10.41,5.38,0,0
28,69,heuristic,9,0.474,4.469,0.2978,0.0,45.0,10.41,5.38,1,0
28,69,heuristic,10,0.4,4.869,0.334,0.0,50.0,10.41,5.38,8,0
28,69,heuristic,11,0.487,5.356,0.37,0.0,55.0,10.41,5.38,8,0
28,69,heuristic,12,0.451,5.807,0.3998,0.0,60.0,10.41,5.38,8,0
28,69,heuristic,13,0.487,6.294,0.4358,0.0,65.0,10.41,5.38,8,0
28,69,heuristic,14,0.487,6.781,0.4719,0.0,70.0,10.41,5.38,8,0
28,69,heuristic,15,0.441,7.222,0.4999,0.0,75.0,10.41,5.38,8,0
28,69,heuristic,16,0.369,7.591,0.515,0.0,80.0,10.41,5.38,8,0
28,69,heuristic,17,0.437,8.028,0.5445,0.0,85.0,10.41,5.38,9,0
28,69,heuristic,18,0.447,8.475,0.5735,0.0,90.0,10.41,5.38,9,0
28,69,heuristic,19,0.351,8.826,0.6033,0.0,95.0,10.41,5.38,17,0
28,69,heuristic,20,0.293,9.119,0.6049,0.0,100.0,10.41,5.38,17,0
28,69,heuristic,21,0.555,9.674,0.6532,0.0,105.0,10.41,5.38,17,0
28,69,heuristic,22,0.449,10.123,0.6825,0.0,110.0,10.41,5.38,17,0
28,69,heuristic,23,0.449,10.572,0.7118,0.0,115.0,10.41,5.38,17,0
28,69,heuristic,24,0.449,11.021,0.7412,0.0,120.0,10.41,5.38,17,0
28,69,heuristic,25,0.398,11.419,0.7614,0.0,125.0,10.41,5.38,17,0
28,69,heuristic,26,0.449,11.868,0.7907,0.0,130.0,10.41,5.38,17,0
28,69,heuristic,27,0.45,12.318,0.8203,0.0,135.0,10.41,5.38,17,0
28,69,heuristic,28,0.375,12.693,0.8499,0.0,140.0,10.41,5.38,23,0
28,69,heuristic,29,0.421,13.114,0.8742,0.0,145.0,10.41,5.38,23,0
28,69,heuristic,30,0.403,13.517,0.8856,0.0,150.0,10.41,5.38,25,0
28,69,heuristic,31,0.56,14.077,0.9204,0.0,155.0,10.41,5.38,25,0
28,69,heuristic,32,0.561,14.638,0.9554,0.0,160.0,10.41,5.38,25,0
28,69,heuristic,33,0.561,15.199,0.9905,0.0,165.0,10.41,5.38,25,0
28,69,heuristic,34,0.961,16.16,1.0,0.0,167.0,10.41,5.38,25,1
29,70,heuristic,1,0.531,0.531,0.0292,0.0,5.0,0.0,0.0,0,0
29,70,heuristic,2,0.592,1.123,0.0736,0.0,10.0,0.0,0.0,2,0
29,70,heuristic,3,0.607,1.73,0.1163,0.0,15.0,0.0,0.0,2,0
29,70,heuristic,4,0.423,2.153,0.1312,0.0,20.0,6.42,6.42,2,0
29,70,heuristic,5,0.534,2.687,0.1659,0.0,25.0,10.03,6.42,2,0
29,70,heuristic,6,0.556,3.243,0.2029,0.0,30.0,10.03,6.42,2,0
29,70,heuristic,7,0.555,3.798,0.2398,0.0,35.0,10.03,6.42,2,0
29,70,heuristic,8,0.504,4.302,0.2676,0.0,40.0,10.03,6.42,2,0
29,70,heuristic,9,0.544,4.846,0.3049,0.0,45.0,10.03,6.42,3,0
29,70,heuristic,10,0.468,5.314,0.3419,0.0,50.0,10.03,6.42,10,0
29,70,heuristic,11,0.523,5.837,0.3731,0.0,55.0,10.03,6.42,10,0
29,70,heuristic,12,0.406,6.243,0.3879,0.0,60.0,10.03,6.42,12,0
29,70,heuristic,13,0.533,6.776,0.4299,0.0,65.0,10.03,6.42,16,0
29,70,heuristic,14,0.59,7.366,0.473,0.0,70.0,10.03,6.42,16,0
29,70,heuristic,15,0.347,7.713,0.4633,0.0,75.0,10.03,6.42,16,0
29,70,heuristic,16,0.7,8.413,0.526,0.0,80.0,10.03,6.42,16,0
29,70,heuristic,17,0.544,8.957,0.5631,0.0,85.0,10.03,6.42,17,0
29,70,heuristic,18,0.545,9.502,0.6004,0.0,90.0,10.03,6.42,18,0
29,70,heuristic,19,0.433,9.935,0.6245,0.0,95.0,10.03,6.42,22,0
29,70,heuristic,20,0.415,10.35,0.6387,0.0,100.0,10.03,6.42,23,0
29,70,heuristic,21,0.599,10.949,0.6833,0.0,105.0,10.03,6.42,23,0
29,70,heuristic,22,0.567,11.516,0.729,0.0,110.0,10.03,6.42,26,0
29,70,heuristic,23,0.569,12.085,0.7685,0.0,115.0,10.03,6.42,26,0
29,70,heuristic,24,0.603,12.688,0.8139,0.0,120.0,10.03,6.42,26,0
29,70,heuristic,25,0.604,13.292,0.8595,0.0,125.0,10.03,6.42,26,0
29,70,heuristic,26,0.553,13.845,0.8983,0.0,130.0,10.03,6.42,27,0
29,70,heuristic,27,0.597,14.442,0.9426,0.0,135.0,10.03,6.42,27,0
29,70,heuristic,28,0.597,15.039,0.9869,0.0,140.0,10.03,6.42,27,0
29,70,heuristic,29,0.952,15.991,1.0,0.0,142.0,10.03,6.42,27,1
30,71,heuristic,1,0.509,0.509,0.0261,0.0,5.0,0.0,0.0,0,0
30,71,heuristic,2,0.535,1.044,0.0647,0.0,10.0,7.44,7.44,1,0
30,71,heuristic,3,0.489,1.533,0.104,0.0,15.0,7.44,7.44,1,0
30,71,heuristic,4,0.455,1.988,0.1373,0.0,20.0,7.44,7.44,1,0
30,71,heuristic,5,0.48,2.468,0.1772,0.0,25.0,7.44,7.44,2,0
30,71,heuristic,6,0.493,2.961,0.2173,0.0,30.0,7.44,7.44,2,0
30,71,heuristic,7,0.452,3.413,0.25,0.0,35.0,7.44,7.44,2,0
30,71,heuristic,8,0.36,3.773,0.2664,0.0,40.0,7.44,7.44,2,0
30,71,heuristic,9,0.418,4.191,0.2989,0.0,45.0,15.05,7.61,2,0
30,71,heuristic,10,0.313,4.504,0.3318,0.0,50.0,15.05,7.61,12,0
30,71,heuristic,11,0.437,4.941,0.3645,0.0,55.0,15.05,7.61,12,0
30,71,heuristic,12,0.372,5.313,0.388,0.0,60.0,15.05,7.61,13,0
30,71,heuristic,13,0.386,5.699,0.4206,0.0,65.0,15.05,7.61,17,0
30,71,heuristic,14,0.434,6.133,0.4528,0.0,70.0,15.05,7.61,17,0
30,71,heuristic,15,0.423,6.556,0.4853,0.0,75.0,15.05,7.61,18,0
30,71,heuristic,16,0.339,6.895,0.5005,0.0,80.0,15.05,7.61,18,0
30,71,heuristic,17,0.441,7.336,0.534,0.0,85.0,15.05,7.61,18,0
30,71,heuristic,18,0.467,7.803,0.572,0.0,90.0,15.05,7.61,18,0
30,71,heuristic,19,0.379,8.182,0.61,0.0,95.0,15.05,7.61,25,0
30,71,heuristic,20,0.418,8.6,0.6416,0.0,100.0,15.05,7.61,26,0
30,71,heuristic,21,0.467,9.067,0.6797,0.0,105.0,15.05,7.61,26,0
30,71,heuristic,22,0.441,9.508,0.7176,0.0,110.0,15.05,7.61,28,0
30,71,heuristic,23,0.421,9.929,0.7498,0.0,115.0,15.05,7.61,29,0
30,71,heuristic,24,0.349,10.278,0.7669,0.0,120.0,15.05,7.61,29,0
30,71,heuristic,25,0.436,10.714,0.7994,0.0,125.0,15.05,7.61,29,0
30,71,heuristic,26,0.437,11.151,0.8322,0.0,130.0,15.05,7.61,29,0
30,71,heuristic,27,0.425,11.576,0.865,0.0,135.0,15.05,7.61,30,0
30,71,heuristic,28,0.225,11.801,0.8746,1.0,140.0,16.05,8.61,33,0
30,71,heuristic,29,0.284,12.085,0.8824,1.0,145.0,15.05,7.61,34,0
30,71,heuristic,30,0.537,12.622,0.9186,1.0,150.0,15.05,7.61,34,0
30,71,heuristic,31,0.552,13.174,0.9577,1.0,155.0,15.05,7.61,34,0
30,71,heuristic,32,0.551,13.725,0.9964,1.0,160.0,15.05,7.61,34,0
30,71,heuristic,33,0.947,14.672,1.0,1.0,161.0,15.05,7.61,34,1
31,72,heuristic,1,0.527,0.527,0.0323,0.0,5.0,6.53,6.53,0,0
31,72,heuristic,2,0.596,1.123,0.0814,0.0,10.0,6.53,6.53,2,0
31,72,heuristic,3,0.578,1.701,0.1229,0.0,15.0,6.53,6.53,2,0
31,72,heuristic,4,0.457,2.158,0.1427,0.0,20.0,6.53,6.53,2,0
31,72,heuristic,5,0.576,2.734,0.1839,0.0,25.0,6.53,6.53,2,0
31,72,heuristic,6,0.577,3.311,0.2251,0.0,30.0,6.53,6.53,2,0
31,72,heuristic,7,0.506,3.817,0.2568,0.0,35.0,10.38,6.53,2,0
31,72,heuristic,8,0.556,4.373,0.2979,0.0,40.0,10.38,6.53,3,0
31,72,heuristic,9,0.57,4.943,0.3393,0.0,45.0,10.38,6.53,3,0
31,72,heuristic,10,0.44,5.383,0.3731,0.0,50.0,10.38,6.53,10,0
31,72,heuristic,11,0.221,5.604,0.3746,3.0,55.0,11.38,6.53,10,0
31,72,heuristic,12,0.383,5.987,0.387,3.0,60.0,10.38,6.53,12,0
31,72,heuristic,13,0.544,6.531,0.4327,3.0,65.0,10.38,6.53,16,0
31,72,heuristic,14,0.607,7.138,0.4806,3.0,70.0,10.38,6.53,16,0
31,72,heuristic,15,0.458,7.596,0.5021,3.0,75.0,10.38,6.53,16,0
31,72,heuristic,16,0.516,8.112,0.5361,3.0,80.0,10.38,6.53,17,0
31,72,heuristic,17,0.556,8.668,0.5772,3.0,85.0,10.38,6.53,18,0
31,72,heuristic,18,0.554,9.222,0.618,3.0,90.0,10.38,6.53,19,0
31,72,heuristic,19,0.373,9.595,0.6333,3.0,95.0,10.38,6.53,23,0
31,72,heuristic,20,0.585,10.18,0.6773,3.0,100.0,10.38,6.53,23,0
31,72,heuristic,21,0.623,10.803,0.728,3.0,105.0,10.38,6.53,23,0
31,72,heuristic,22,0.548,11.351,0.7722,3.0,110.0,10.38,6.53,26,0
31,72,heuristic,23,0.62,11.971,0.8225,3.0,115.0,10.38,6.53,26,0
31,72,heuristic,24,0.621,12.592,0.8729,3.0,120.0,10.38,6.53,26,0
31,72,heuristic,25,0.58,13.172,0.9161,3.0,125.0,10.38,6.53,26,0
31,72,heuristic,26,0.615,13.787,0.9655,3.0,130.0,10.38,6.53,26,0
31,72,heuristic,27,0.947,14.734,1.0,3.0,134.0,10.38,6.53,26,1
32,73,heuristic,1,0.536,0.536,0.0304,0.0,5.0,0.0,0.0,0,0
32,73,heuristic,2,0.599,1.135,0.0764,0.0,10.0,0.0,0.0,2,0
32,73,heuristic,3,0.611,1.746,0.1201,0.0,15.0,0.0,0.0,2,0
32,73,heuristic,4,0.461,2.207,0.1371,0.0,20.0,0.0,0.0,2,0
32,73,heuristic,5,0.579,2.786,0.1751,0.0,25.0,0.0,0.0,2,0
32,73,heuristic,6,0.544,3.33,0.214,0.0,30.0,6.39,6.39,3,0
32,73,heuristic,7,0.353,3.683,0.1595,0.0,35.0,6.39,6.39,3,0
32,73,heuristic,8,0.783,4.466,0.2819,0.0,40.0,10.93,6.39,3,0
32,73,heuristic,9,0.562,5.028,0.3208,0.0,45.0,10.93,6.39,3,0
32,73,heuristic,10,0.498,5.526,0.3592,0.0,50.0,10.93,6.39,8,0
32,73,heuristic,11,0.361,5.887,0.3746,1.0,55.0,11.93,6.39,10,0
32,73,heuristic,12,0.142,6.029,0.3746,6.0,60.0,11.93,6.39,10,0
32,73,heuristic,13,0.393,6.422,0.3854,6.0,65.0,10.93,6.39,11,0
32,73,heuristic,14,0.551,6.973,0.4245,6.0,70.0,10.93,6.39,12,0
32,73,heuristic,15,0.549,7.522,0.4632,6.0,75.0,10.93,6.39,13,0
32,73,heuristic,16,0.536,8.058,0.4972,6.0,80.0,10.93,6.39,13,0
32,73,heuristic,17,0.423,8.481,0.5135,6.0,85.0,10.93,6.39,14,0
32,73,heuristic,18,0.588,9.069,0.559,6.0,90.0,10.93,6.39,15,0
32,73,heuristic,19,0.562,9.631,0.6066,6.0,95.0,10.93,6.39,19,0
32,73,heuristic,20,0.574,10.205,0.6475,6.0,100.0,10.93,6.39,19,0
32,73,heuristic,21,0.612,10.817,0.6952,6.0,105.0,10.93,6.39,19,0
32,73,heuristic,22,0.598,11.415,0.7404,6.0,110.0,10.93,6.39,19,0
32,73,heuristic,23,0.557,11.972,0.7805,6.0,115.0,10.93,6.39,20,0
32,73,heuristic,24,0.61,12.582,0.8278,6.0,120.0,10.93,6.39,20,0
32,73,heuristic,25,0.344,12.926,0.7509,6.0,125.0,10.93,6.39,20,0
32,73,heuristic,26,0.794,13.72,0.9152,6.0,130.0,10.93,6.39,20,0
32,73,heuristic,27,0.606,14.326,0.9617,6.0,135.0,10.93,6.39,20,0
32,73,heuristic,28,0.951,15.277,1.0,6.0,140.0,10.93,6.39,20,1
33,74,heuristic,1,0.498,0.498,0.0245,0.0,5.0,7.26,7.26,0,0
33,74,heuristic,2,0.552,1.05,0.0609,0.0,10.0,7.26,7.26,1,0
33,74,heuristic,3,0.532,1.582,0.0972,0.0,15.0,14.79,7.53,1,0
33,74,heuristic,4,0.345,1.927,0.0017,0.0,20.0,14.79,7.53,1,0
33,74,heuristic,5,0.795,2.722,0.1403,0.0,25.0,14.79,7.53,1,0
33,74,heuristic,6,0.503,3.225,0.1706,0.0,30.0,14.79,7.53,2,0
33,74,heuristic,7,0.517,3.742,0.2011,0.0,35.0,14.79,7.53,2,0
33,74,heuristic,8,0.515,4.257,0.2314,0.0,40.0,14.79,7.53,2,0
33,74,heuristic,9,0.345,4.602,0.1847,0.0,45.0,14.79,7.53,2,0
33,74,heuristic,10,0.795,5.397,0.2746,0.0,50.0,14.79,7.53,2,0
33,74,heuristic,11,0.418,5.815,0.3098,0.0,55.0,14.79,7.53,12,0
33,74,heuristic,12,0.543,6.358,0.345,0.0,60.0,14.79,7.53,12,0
33,74,heuristic,13,0.514,6.872,0.3749,0.0,65.0,14.79,7.53,12,0
33,74,heuristic,14,0.431,7.303,0.3902,0.0,70.0,14.79,7.53,12,0
33,74,heuristic,15,0.464,7.767,0.4202,0.0,75.0,14.79,7.53,16,0
33,74,heuristic,16,0.516,8.283,0.4507,0.0,80.0,14.79,7.53,16,0
33,74,heuristic,17,0.504,8.787,0.4811,0.0,85.0,14.79,7.53,17,0
33,74,heuristic,18,0.345,9.132,0.4319,0.0,90.0,14.79,7.53,17,0
33,74,heuristic,19,0.795,9.927,0.5246,0.0,95.0,14.79,7.53,17,0
33,74,heuristic,20,0.445,10.372,0.5601,0.0,100.0,14.79,7.53,25,0
33,74,heuristic,21,0.542,10.914,0.5951,0.0,105.0,14.79,7.53,25,0
33,74,heuristic,22,0.431,11.345,0.6103,0.0,110.0,14.79,7.53,25,0
33,74,heuristic,23,0.624,11.969,0.6599,0.0,115.0,14.79,7.53,25,0
33,74,heuristic,24,0.519,12.488,0.6951,0.0,120.0,14.79,7.53,27,0
33,74,heuristic,25,0.545,13.033,0.7307,0.0,125.0,14.79,7.53,27,0
33,74,heuristic,26,0.417,13.45,0.7457,0.0,130.0,14.79,7.53,28,0
33,74,heuristic,27,0.497,13.947,0.7727,0.0,135.0,14.79,7.53,28,0
33,74,heuristic,28,0.515,14.462,0.8029,0.0,140.0,14.79,7.53,28,0
33,74,heuristic,29,0.468,14.93,0.8337,0.0,145.0,14.79,7.53,32,0
33,74,heuristic,30,0.516,15.446,0.8641,0.0,150.0,14.79,7.53,32,0
33,74,heuristic,31,0.413,15.859,0.8762,0.0,155.0,14.79,7.53,32,0
33,74,heuristic,32,0.522,16.381,0.9076,0.0,160.0,14.79,7.53,32,0
33,74,heuristic,33,0.548,16.929,0.9437,0.0,165.0,14.79,7.53,32,0
33,74,heuristic,34,0.549,17.478,0.98,0.0,170.0,14.79,7.53,32,0
33,74,heuristic,35,0.953,18.431,1.0,0.0,173.0,14.79,7.53,32,1
34,75,heuristic,1,0.529,0.529,0.0291,0.0,5.0,0.0,0.0,0,0
34,75,heuristic,2,0.603,1.132,0.0735,0.0,10.0,0.0,0.0,1,0
34,75,heuristic,3,0.607,1.739,0.1164,0.0,15.0,0.0,0.0,1,0
34,75,heuristic,4,0.447,2.186,0.1308,0.0,20.0,0.0,0.0,1,0
34,75,heuristic,5,0.549,2.735,0.1656,0.0,25.0,0.0,0.0,2,0
34,75,heuristic,6,0.575,3.31,0.2028,0.0,30.0,0.0,0.0,2,0
34,75,heuristic,7,0.514,3.824,0.2399,0.0,35.0,14.02,8.05,2,0
34,75,heuristic,8,0.406,4.23,0.2519,0.0,40.0,14.02,8.05,2,0
34,75,heuristic,9,0.543,4.773,0.2883,0.0,45.0,14.02,8.05,2,0
34,75,heuristic,10,0.456,5.229,0.3314,0.0,50.0,14.02,8.05,12,0
34,75,heuristic,11,0.562,5.791,0.3711,0.0,55.0,14.02,8.05,12,0
34,75,heuristic,12,0.416,6.207,0.3871,0.0,60.0,14.02,8.05,13,0
34,75,heuristic,13,0.521,6.728,0.4239,0.0,65.0,14.02,8.05,15,0
34,75,heuristic,14,0.535,7.263,0.461,0.0,70.0,14.02,8.05,16,0
34,75,heuristic,15,0.527,7.79,0.4968,0.0,75.0,14.02,8.05,17,0
34,75,heuristic,16,0.427,8.217,0.5126,0.0,80.0,14.02,8.05,17,0
34,75,heuristic,17,0.563,8.78,0.5547,0.0,85.0,14.02,8.05,18,0
34,75,heuristic,18,0.581,9.361,0.5978,0.0,90.0,14.02,8.05,18,0
34,75,heuristic,19,0.238,9.599,0.5797,0.0,95.0,14.02,8.05,26,0
34,75,heuristic,20,0.737,10.336,0.6505,0.0,100.0,14.02,8.05,26,0
34,75,heuristic,21,0.549,10.885,0.688,0.0,105.0,14.02,8.05,26,0
34,75,heuristic,22,0.536,11.421,0.7253,0.0,110.0,14.02,8.05,27,0
34,75,heuristic,23,0.376,11.797,0.7341,0.0,115.0,14.02,8.05,28,0
34,75,heuristic,24,0.548,12.345,0.7715,0.0,120.0,14.02,8.05,28,0
34,75,heuristic,25,0.594,12.939,0.8169,0.0,125.0,14.02,8.05,28,0
34,75,heuristic,26,0.582,13.521,0.8625,0.0,130.0,14.02,8.05,29,0
34,75,heuristic,27,0.555,14.076,0.901,0.0,135.0,14.02,8.05,29,0
34,75,heuristic,28,0.588,14.664,0.9454,0.0,140.0,14.02,8.05,29,0
34,75,heuristic,29,0.586,15.25,0.9894,0.0,145.0,14.02,8.05,29,0
34,75,heuristic,30,0.949,16.199,1.0,0.0,147.0,14.02,8.05,29,1
35,76,heuristic,1,0.504,0.504,0.0228,0.0,5.0,0.0,0.0,0,0
35,76,heuristic,2,0.565,1.069,0.0564,0.0,10.0,0.0,0.0,0,0
35,76,heuristic,3,0.485,1.554,0.09,0.0,15.0,0.0,0.0,0,0
35,76,heuristic,4,0.483,2.037,0.1233,0.0,20.0,0.0,0.0,0,0
35,76,heuristic,5,0.402,2.439,0.1517,0.0,25.0,12.45,8.06,0,0
35,76,heuristic,6,0.466,2.905,0.1862,0.0,30.0,12.45,8.06,0,0
35,76,heuristic,7,0.467,3.372,0.221,0.0,35.0,12.45,8.06,0,0
35,76,heuristic,8,0.335,3.707,0.2323,0.0,40.0,12.45,8.06,0,0
35,76,heuristic,9,0.561,4.268,0.2836,0.0,45.0,12.45,8.06,0,0
35,76,heuristic,10,0.366,4.634,0.3182,0.0,50.0,12.45,8.06,8,0
35,76,heuristic,11,0.464,5.098,0.3524,0.0,55.0,12.45,8.06,8,0
35,76,heuristic,12,0.432,5.53,0.3809,0.0,60.0,12.45,8.06,8,0
35,76,heuristic,13,0.465,5.995,0.4152,0.0,65.0,12.45,8.06,8,0
35,76,heuristic,14,0.467,6.462,0.45,0.0,70.0,12.45,8.06,8,0
35,76,heuristic,15,0.465,6.927,0.4843,0.0,75.0,12.45,8.06,8,0
35,76,heuristic,16,0.362,7.289,0.5004,0.0,80.0,12.45,8.06,8,0
35,76,heuristic,17,0.415,7.704,0.5259,0.0,85.0,12.45,8.06,8,0
35,76,heuristic,18,0.418,8.122,0.5541,0.0,90.0,12.45,8.06,9,0
35,76,heuristic,19,0.342,8.464,0.5822,0.0,95.0,12.45,8.06,16,0
35,76,heuristic,20,0.418,8.882,0.6105,0.0,100.0,12.45,8.06,17,0
35,76,heuristic,21,0.379,9.261,0.6295,0.0,105.0,12.45,8.06,17,0
35,76,heuristic,22,0.428,9.689,0.6573,0.0,110.0,12.45,8.06,17,0
35,76,heuristic,23,0.431,10.12,0.6855,0.0,115.0,12.45,8.06,17,0
35,76,heuristic,24,0.429,10.549,0.7135,0.0,120.0,12.45,8.06,17,0
35,76,heuristic,25,0.431,10.98,0.7419,0.0,125.0,12.45,8.06,17,0
35,76,heuristic,26,0.379,11.359,0.761,0.0,130.0,12.45,8.06,17,0
35,76,heuristic,27,0.404,11.763,0.789,0.0,135.0,12.45,8.06,19,0
35,76,heuristic,28,0.38,12.143,0.8172,0.0,140.0,12.45,8.06,23,0
35,76,heuristic,29,0.404,12.547,0.8452,0.0,145.0,12.45,8.06,25,0
35,76,heuristic,30,0.493,13.04,0.8726,0.0,150.0,12.45,8.06,26,0
35,76,heuristic,31,0.398,13.438,0.8808,0.0,155.0,12.45,8.06,26,0
35,76,heuristic,32,0.531,13.969,0.9126,0.0,160.0,12.45,8.06,26,0
35,76,heuristic,33,0.54,14.509,0.9462,0.0,165.0,12.45,8.06,26,0
35,76,heuristic,34,0.543,15.052,0.9802,0.0,170.0,12.45,8.06,26,0
35,76,heuristic,35,0.955,16.007,1.0,0.0,173.0,12.45,8.06,26,1
36,77,heuristic,1,0.501,0.501,0.0309,0.0,5.0,7.38,7.38,0,0
36,77,heuristic,2,0.595,1.096,0.0785,0.0,10.0,7.38,7.38,0,0
36,77,heuristic,3,0.247,1.343,0.0198,0.0,15.0,7.38,7.38,0,0
36,77,heuristic,4,0.697,2.04,0.1687,0.0,20.0,7.38,7.38,0,0
36,77,heuristic,5,0.522,2.562,0.2176,0.0,25.0,7.38,7.38,0,0
36,77,heuristic,6,0.465,3.027,0.2603,0.0,30.0,12.67,7.38,0,0
36,77,heuristic,7,0.5,3.527,0.3092,0.0,35.0,12.67,7.38,1,0
36,77,heuristic,8,0.511,4.038,0.3579,0.0,40.0,12.67,7.38,1,0
36,77,heuristic,9,0.476,4.514,0.4004,0.0,45.0,12.67,7.38,1,0
36,77,heuristic,10,0.45,4.964,0.4493,0.0,50.0,12.67,7.38,6,0
36,77,heuristic,11,0.493,5.457,0.4949,0.0,55.0,12.67,7.38,6,0
36,77,heuristic,12,0.334,5.791,0.5121,0.0,60.0,12.67,7.38,6,0
36,77,heuristic,13,0.443,6.234,0.551,0.0,65.0,12.67,7.38,7,0
36,77,heuristic,14,0.449,6.683,0.5908,0.0,70.0,12.67,7.38,8,0
36,77,heuristic,15,0.408,7.091,0.6234,0.0,75.0,12.67,7.38,9,0
36,77,heuristic,16,0.119,7.21,0.6246,3.0,80.0,13.67,7.38,9,0
36,77,heuristic,17,0.28,7.49,0.6343,3.0,85.0,12.67,7.38,10,0
36,77,heuristic,18,0.424,7.914,0.6743,3.0,90.0,12.67,7.38,13,0
36,77,heuristic,19,0.423,8.337,0.7141,3.0,95.0,12.67,7.38,16,0
36,77,heuristic,20,0.225,8.562,0.6792,3.0,100.0,12.67,7.38,17,0
36,77,heuristic,21,0.687,9.249,0.7846,3.0,105.0,12.67,7.38,17,0
36,77,heuristic,22,0.462,9.711,0.8245,3.0,110.0,12.67,7.38,17,0
36,77,heuristic,23,0.447,10.158,0.864,3.0,115.0,12.67,7.38,18,0
36,77,heuristic,24,0.312,10.47,0.8774,3.0,120.0,12.67,7.38,18,0
36,77,heuristic,25,0.452,10.922,0.9157,3.0,125.0,12.67,7.38,18,0
36,77,heuristic,26,0.504,11.426,0.963,3.0,130.0,12.67,7.38,18,0
36,77,heuristic,27,0.938,12.364,1.0,3.0,134.0,12.67,7.38,18,1
37,78,heuristic,1,0.547,0.547,0.0323,0.0,5.0,0.0,0.0,0,0
37,78,heuristic,2,0.618,1.165,0.0817,0.0,10.0,0.0,0.0,2,0
37,78,heuristic,3,0.603,1.768,0.124,0.0,15.0,0.0,0.0,2,0
37,78,heuristic,4,0.462,2.23,0.1443,0.0,20.0,4.11,4.11,2,0
37,78,heuristic,5,0.546,2.776,0.1861,0.0,25.0,11.85,7.74,3,0
37,78,heuristic,6,0.574,3.35,0.2274,0.0,30.0,11.85,7.74,3,0
37,78,heuristic,7,0.523,3.873,0.2596,0.0,35.0,11.85,7.74,3,0
37,78,heuristic,8,0.576,4.449,0.3011,0.0,40.0,11.85,7.74,3,0
37,78,heuristic,9,0.576,5.025,0.3426,0.0,45.0,11.85,7.74,3,0
37,78,heuristic,10,0.431,5.456,0.3739,0.0,50.0,11.85,7.74,10,0
37,78,heuristic,11,0.182,5.638,0.3746,4.0,55.0,12.85,7.74,10,0
37,78,heuristic,12,0.374,6.012,0.3846,4.0,60.0,11.85,7.74,12,0
37,78,heuristic,13,0.55,6.562,0.426,4.0,65.0,11.85,7.74,14,0
37,78,heuristic,14,0.575,7.137,0.4673,4.0,70.0,11.85,7.74,14,0
37,78,heuristic,15,0.33,7.467,0.4302,4.0,75.0,11.85,7.74,15,0
37,78,heuristic,16,0.792,8.259,0.5237,4.0,80.0,11.85,7.74,15,0
37,78,heuristic,17,0.615,8.874,0.5745,4.0,85.0,11.85,7.74,16,0
37,78,heuristic,18,0.593,9.467,0.619,4.0,90.0,11.85,7.74,16,0
37,78,heuristic,19,0.513,9.98,0.6583,4.0,95.0,11.85,7.74,20,0
37,78,heuristic,20,0.629,10.609,0.7093,4.0,100.0,11.85,7.74,20,0
37,78,heuristic,21,0.558,11.167,0.7476,4.0,105.0,11.85,7.74,20,0
37,78,heuristic,22,0.508,11.675,0.7792,4.0,110.0,11.85,7.74,21,0
37,78,heuristic,23,0.628,12.303,0.83,4.0,115.0,11.85,7.74,21,0
37,78,heuristic,24,0.596,12.899,0.875,4.0,120.0,11.85,7.74,21,0
37,78,heuristic,25,0.622,13.521,0.9249,4.0,125.0,11.85,7.74,21,0
37,78,heuristic,26,0.62,14.141,0.9743,4.0,130.0,11.85,7.74,21,0
37,78,heuristic,27,0.95,15.091,1.0,4.0,133.0,11.85,7.74,21,1
38,79,heuristic,1,0.523,0.523,0.028,0.0,5.0,5.75,5.75,0,0
38,79,heuristic,2,0.591,1.114,0.0702,0.0,10.0,5.75,5.75,1,0
38,79,heuristic,3,0.604,1.718,0.1126,0.0,15.0,5.75,5.75,1,0
38,79,heuristic,4,0.436,2.154,0.1295,0.0,20.0,11.39,5.75,1,0
38,79,heuristic,5,0.54,2.694,0.1624,0.0,25.0,11.39,5.75,1,0
38,79,heuristic,6,0.552,3.246,0.1976,0.0,30.0,11.39,5.75,1,0
38,79,heuristic,7,0.554,3.8,0.233,0.0,35.0,11.39,5.75,1,0
38,79,heuristic,8,0.354,4.154,0.2102,0.0,40.0,11.39,5.75,1,0
38,79,heuristic,9,0.743,4.897,0.2793,0.0,45.0,11.39,5.75,1,0
38,79,heuristic,10,0.459,5.356,0.3201,0.0,50.0,11.39,5.75,11,0
38,79,heuristic,11,0.572,5.928,0.3609,0.0,55.0,11.39,5.75,12,0
38,79,heuristic,12,0.55,6.478,0.3956,0.0,60.0,11.39,5.75,12,0
38,79,heuristic,13,0.56,7.038,0.4367,0.0,65.0,11.39,5.75,14,0
38,79,heuristic,14,0.584,7.622,0.4776,0.0,70.0,11.39,5.75,14,0
38,79,heuristic,15,0.354,7.976,0.4767,0.0,75.0,11.39,5.75,14,0
38,79,heuristic,16,0.621,8.597,0.5242,0.0,80.0,11.39,5.75,14,0
38,79,heuristic,17,0.54,9.137,0.5594,0.0,85.0,11.39,5.75,15,0
38,79,heuristic,18,0.554,9.691,0.5948,0.0,90.0,11.39,5.75,15,0
38,79,heuristic,19,0.404,10.095,0.6237,0.0,95.0,11.39,5.75,24,0
38,79,heuristic,20,0.235,10.33,0.6246,3.0,100.0,12.39,6.75,24,0
38,79,heuristic,21,0.396,10.726,0.6342,3.0,105.0,11.39,5.75,25,0
38,79,heuristic,22,0.542,11.268,0.6697,3.0,110.0,11.39,5.75,26,0
38,79,heuristic,23,0.55,11.818,0.7045,3.0,115.0,11.39,5.75,26,0
38,79,heuristic,24,0.553,12.371,0.7397,3.0,120.0,11.39,5.75,26,0
38,79,heuristic,25,0.421,12.792,0.7516,3.0,125.0,11.39,5.75,26,0
38,79,heuristic,26,0.547,13.339,0.788,3.0,130.0,11.39,5.75,27,0
38,79,heuristic,27,0.584,13.923,0.8311,3.0,135.0,11.39,5.75,28,0
38,79,heuristic,28,0.572,14.495,0.8741,3.0,140.0,11.39,5.75,30,0
38,79,heuristic,29,0.532,15.027,0.9101,3.0,145.0,11.39,5.75,32,0
38,79,heuristic,30,0.591,15.618,0.9522,3.0,150.0,11.39,5.75,32,0
38,79,heuristic,31,0.593,16.211,0.9946,3.0,155.0,11.39,5.75,32,0
38,79,heuristic,32,0.956,17.167,1.0,3.0,156.0,11.39,5.75,32,1
39,80,heuristic,1,0.567,0.567,0.0286,0.0,5.0,0.0,0.0,0,0
39,80,heuristic,2,0.636,1.203,0.0716,0.0,10.0,0.0,0.0,1,0
39,80,heuristic,3,0.65,1.853,0.1147,0.0,15.0,0.0,0.0,1,0
39,80,heuristic,4,0.618,2.471,0.1523,0.0,20.0,0.0,0.0,1,0
39,80,heuristic,5,0.644,3.115,0.1966,0.0,25.0,0.0,0.0,2,0
39,80,heuristic,6,0.622,3.737,0.2399,0.0,30.0,6.57,6.57,2,0
39,80,heuristic,7,0.483,4.22,0.2556,0.0,35.0,6.57,6.57,2,0
39,80,heuristic,8,0.547,4.767,0.289,0.0,40.0,14.7,8.13,2,0
39,80,heuristic,9,0.582,5.349,0.3252,0.0,45.0,14.7,8.13,2,0
39,80,heuristic,10,0.455,5.804,0.361,0.0,50.0,14.7,8.13,12,0
39,80,heuristic,11,0.41,6.214,0.3746,1.0,55.0,15.7,8.13,12,0
39,80,heuristic,12,0.418,6.632,0.3838,1.0,60.0,14.7,8.13,13,0
39,80,heuristic,13,0.544,7.176,0.42,1.0,65.0,14.7,8.13,16,0
39,80,heuristic,14,0.582,7.758,0.4563,1.0,70.0,14.7,8.13,16,0
39,80,heuristic,15,0.569,8.327,0.4924,1.0,75.0,14.7,8.13,17,0
39,80,heuristic,16,0.457,8.784,0.5065,1.0,80.0,14.7,8.13,17,0
39,80,heuristic,17,0.597,9.381,0.5454,1.0,85.0,14.7,8.13,17,0
39,80,heuristic,18,0.601,9.982,0.5873,1.0,90.0,14.7,8.13,18,0
39,80,heuristic,19,0.502,10.484,0.6249,1.0,95.0,14.7,8.13,25,0
39,80,heuristic,20,0.467,10.951,0.643,1.0,100.0,14.7,8.13,26,0
39,80,heuristic,21,0.58,11.531,0.6789,1.0,105.0,14.7,8.13,26,0
39,80,heuristic,22,0.558,12.089,0.7153,1.0,110.0,14.7,8.13,28,0
39,80,heuristic,23,0.555,12.644,0.749,1.0,115.0,14.7,8.13,29,0
39,80,heuristic,24,0.457,13.101,0.7629,1.0,120.0,14.7,8.13,29,0
39,80,heuristic,25,0.618,13.719,0.8056,1.0,125.0,14.7,8.13,29,0
39,80,heuristic,26,0.628,14.347,0.8499,1.0,130.0,14.7,8.13,29,0
39,80,heuristic,27,0.565,14.912,0.8875,1.0,135.0,14.7,8.13,31,0
39,80,heuristic,28,0.621,15.533,0.9307,1.0,140.0,14.7,8.13,31,0
39,80,heuristic,29,0.62,16.153,0.9736,1.0,145.0,14.7,8.13,31,0
39,80,heuristic,30,0.969,17.122,1.0,1.0,149.0,14.7,8.13,31,1
40,81,heuristic,1,0.484,0.484,0.0222,0.0,5.0,6.51,6.51,0,0
40,81,heuristic,2,0.53,1.014,0.0548,0.0,10.0,6.51,6.51,1,0
40,81,heuristic,3,0.542,1.556,0.0874,0.0,15.0,6.51,6.51,1,0
40,81,heuristic,4,0.541,2.097,0.1197,0.0,20.0,6.51,6.51,1,0
40,81,heuristic,5,0.415,2.512,0.1296,0.0,25.0,6.51,6.51,1,0
40,81,heuristic,6,0.466,2.978,0.156,0.0,30.0,13.28,6.77,2,0
40,81,heuristic,7,0.5,3.478,0.1833,0.0,35.0,13.28,6.77,2,0
40,81,heuristic,8,0.499,3.977,0.2105,0.0,40.0,13.28,6.77,2,0
40,81,heuristic,9,0.497,4.474,0.2374,0.0,45.0,13.28,6.77,2,0
40,81,heuristic,10,0.282,4.756,0.2496,1.0,50.0,14.28,6.77,9,0
40,81,heuristic,11,0.144,4.9,0.2496,6.0,55.0,14.28,6.77,9,0
40,81,heuristic,12,0.367,5.267,0.2555,6.0,60.0,13.28,6.77,10,0
40,81,heuristic,13,0.493,5.76,0.2861,6.0,65.0,13.28,6.77,12,0
40,81,heuristic,14,0.5,6.26,0.318,6.0,70.0,13.28,6.77,14,0
40,81,heuristic,15,0.524,6.784,0.3496,6.0,75.0,13.28,6.77,14,0
40,81,heuristic,16,0.476,7.26,0.375,6.0,80.0,13.28,6.77,15,0
40,81,heuristic,17,0.423,7.683,0.3888,6.0,85.0,13.28,6.77,15,0
40,81,heuristic,18,0.486,8.169,0.4159,6.0,90.0,13.28,6.77,16,0
40,81,heuristic,19,0.412,8.581,0.4432,6.0,95.0,13.28,6.77,23,0
40,81,heuristic,20,0.487,9.068,0.4705,6.0,100.0,13.28,6.77,24,0
40,81,heuristic,21,0.499,9.567,0.4977,6.0,105.0,13.28,6.77,24,0
40,81,heuristic,22,0.436,10.003,0.5159,6.0,110.0,13.28,6.77,25,0
40,81,heuristic,23,0.485,10.488,0.543,6.0,115.0,13.28,6.77,26,0
40,81,heuristic,24,0.488,10.976,0.5705,6.0,120.0,13.28,6.77,27,0
40,81,heuristic,25,0.5,11.476,0.5978,6.0,125.0,13.28,6.77,27,0
40,81,heuristic,26,0.483,11.959,0.6244,6.0,130.0,13.28,6.77,28,0
40,81,heuristic,27,0.132,12.091,0.625,11.0,135.0,14.28,6.77,29,0
40,81,heuristic,28,0.081,12.172,0.625,16.0,140.0,14.28,6.77,34,0
40,81,heuristic,29,0.366,12.538,0.6309,16.0,145.0,13.28,6.77,35,0
40,81,heuristic,30,0.499,13.037,0.6625,16.0,150.0,13.28,6.77,37,0
40,81,heuristic,31,0.535,13.572,0.6962,16.0,155.0,13.28,6.77,37,0
40,81,heuristic,32,0.522,14.094,0.7298,16.0,160.0,13.28,6.77,38,0
40,81,heuristic,33,0.498,14.592,0.7568,16.0,165.0,13.28,6.77,38,0
40,81,heuristic,34,0.534,15.126,0.7903,16.0,170.0,13.28,6.77,38,0
40,81,heuristic,35,0.534,15.66,0.8238,16.0,175.0,13.28,6.77,38,0
40,81,heuristic,36,0.535,16.195,0.8574,16.0,180.0,13.28,6.77,38,0
40,81,heuristic,37,0.459,16.654,0.8841,16.0,185.0,13.28,6.77,41,0
40,81,heuristic,38,0.53,17.184,0.9168,16.0,190.0,13.28,6.77,41,0
40,81,heuristic,39,0.529,17.713,0.9493,16.0,195.0,13.28,6.77,41,0
40,81,heuristic,40,0.529,18.242,0.9819,16.0,200.0,13.28,6.77,41,0
40,81,heuristic,41,0.953,19.195,1.0,16.0,203.0,13.28,6.77,41,1
41,82,heuristic,1,0.519,0.519,0.0269,0.0,5.0,0.0,0.0,0,0
41,82,heuristic,2,0.599,1.118,0.068,0.0,10.0,0.0,0.0,0,0
41,82,heuristic,3,0.504,1.622,0.1093,0.0,15.0,3.63,3.63,0,0
41,82,heuristic,4,0.479,2.101,0.1445,0.0,20.0,3.63,3.63,0,0
41,82,heuristic,5,0.516,2.617,0.1863,0.0,25.0,3.63,3.63,0,0
41,82,heuristic,6,0.515,3.132,0.2281,0.0,30.0,3.63,3.63,0,0
41,82,heuristic,7,0.479,3.611,0.2634,0.0,35.0,3.63,3.63,0,0
41,82,heuristic,8,0.477,4.088,0.3054,0.0,40.0,10.06,6.43,1,0
41,82,heuristic,9,0.505,4.593,0.3476,0.0,45.0,10.06,6.43,1,0
41,82,heuristic,10,0.38,4.973,0.3831,0.0,50.0,10.06,6.43,8,0
41,82,heuristic,11,0.504,5.477,0.4251,0.0,55.0,10.06,6.43,8,0
41,82,heuristic,12,0.504,5.981,0.4669,0.0,60.0,10.06,6.43,8,0
41,82,heuristic,13,0.453,6.434,0.4998,0.0,65.0,10.06,6.43,8,0
41,82,heuristic,14,0.362,6.796,0.5166,0.0,70.0,10.06,6.43,8,0
41,82,heuristic,15,0.46,7.256,0.5506,0.0,75.0,10.06,6.43,8,0
41,82,heuristic,16,0.449,7.705,0.585,0.0,80.0,10.06,6.43,9,0
41,82,heuristic,17,0.457,8.162,0.6186,0.0,85.0,10.06,6.43,9,0
41,82,heuristic,18,0.397,8.559,0.6437,0.0,90.0,10.06,6.43,10,0
41,82,heuristic,19,0.374,8.933,0.6781,0.0,95.0,10.06,6.43,17,0
41,82,heuristic,20,0.461,9.394,0.7123,0.0,100.0,10.06,6.43,17,0
41,82,heuristic,21,0.447,9.841,0.7465,0.0,105.0,10.06,6.43,18,0
41,82,heuristic,22,0.41,10.251,0.7717,0.0,110.0,10.06,6.43,18,0
41,82,heuristic,23,0.459,10.71,0.8057,0.0,115.0,10.06,6.43,18,0
41,82,heuristic,24,0.462,11.172,0.8402,0.0,120.0,10.06,6.43,18,0
41,82,heuristic,25,0.452,11.624,0.8729,0.0,125.0,10.06,6.43,18,0
41,82,heuristic,26,0.33,11.954,0.8861,0.0,130.0,10.06,6.43,19,0
41,82,heuristic,27,0.49,12.444,0.9256,0.0,135.0,10.06,6.43,19,0
41,82,heuristic,28,0.497,12.941,0.9664,0.0,140.0,10.06,6.43,19,0
41,82,heuristic,29,0.953,13.894,1.0,0.0,145.0,10.06,6.43,19,1
42,83,heuristic,1,0.533,0.533,0.0236,0.0,5.0,0.0,0.0,0,0
42,83,heuristic,2,0.554,1.087,0.0588,0.0,10.0,7.38,7.38,1,0
42,83,heuristic,3,0.583,1.67,0.0939,0.0,15.0,7.38,7.38,1,0
42,83,heuristic,4,0.386,2.056,0.0826,0.0,20.0,7.38,7.38,1,0
42,83,heuristic,5,0.789,2.845,0.1588,0.0,25.0,13.32,7.38,1,0
42,83,heuristic,6,0.578,3.423,0.1949,0.0,30.0,13.32,7.38,1,0
42,83,heuristic,7,0.578,4.001,0.2311,0.0,35.0,13.32,7.38,1,0
42,83,heuristic,8,0.481,4.482,0.25,0.0,40.0,13.32,7.38,1,0
42,83,heuristic,9,0.521,5.003,0.2762,0.0,45.0,13.32,7.38,1,0
42,83,heuristic,10,0.415,5.418,0.3056,0.0,50.0,13.32,7.38,11,0
42,83,heuristic,11,0.528,5.946,0.3352,0.0,55.0,13.32,7.38,12,0
42,83,heuristic,12,0.539,6.485,0.3644,0.0,60.0,13.32,7.38,12,0
42,83,heuristic,13,0.426,6.911,0.3758,0.0,65.0,13.32,7.38,13,0
42,83,heuristic,14,0.546,7.457,0.4064,0.0,70.0,13.32,7.38,13,0
42,83,heuristic,15,0.53,7.987,0.4407,0.0,75.0,13.32,7.38,16,0
42,83,heuristic,16,0.567,8.554,0.4749,0.0,80.0,13.32,7.38,16,0
42,83,heuristic,17,0.374,8.928,0.4397,0.0,85.0,13.32,7.38,16,0
42,83,heuristic,18,0.824,9.752,0.5204,0.0,90.0,13.32,7.38,16,0
42,83,heuristic,19,0.44,10.192,0.5498,0.0,95.0,13.32,7.38,24,0
42,83,heuristic,20,0.541,10.733,0.5795,0.0,100.0,13.32,7.38,24,0
42,83,heuristic,21,0.541,11.274,0.6091,0.0,105.0,13.32,7.38,24,0
42,83,heuristic,22,0.362,11.636,0.5639,0.0,110.0,13.32,7.38,25,0
42,83,heuristic,23,0.824,12.46,0.6482,0.0,115.0,13.32,7.38,25,0
42,83,heuristic,24,0.53,12.99,0.6825,0.0,120.0,13.32,7.38,28,0
42,83,heuristic,25,0.566,13.556,0.7165,0.0,125.0,13.32,7.38,28,0
42,83,heuristic,26,0.551,14.107,0.7479,0.0,130.0,13.32,7.38,28,0
42,83,heuristic,27,0.434,14.541,0.7585,0.0,135.0,13.32,7.38,28,0
42,83,heuristic,28,0.491,15.032,0.7881,0.0,140.0,13.32,7.38,32,0
42,83,heuristic,29,0.54,15.572,0.8176,0.0,145.0,13.32,7.38,32,0
42,83,heuristic,30,0.526,16.098,0.8468,0.0,150.0,13.32,7.38,33,0
42,83,heuristic,31,0.532,16.63,0.8747,0.0,155.0,13.32,7.38,33,0
42,83,heuristic,32,0.434,17.064,0.8853,0.0,160.0,13.32,7.38,33,0
42,83,heuristic,33,0.568,17.632,0.9197,0.0,165.0,13.32,7.38,33,0
42,83,heuristic,34,0.572,18.204,0.9549,0.0,170.0,13.32,7.38,33,0
42,83,heuristic,35,0.572,18.776,0.99,0.0,175.0,13.32,7.38,33,0
42,83,heuristic,36,0.967,19.743,1.0,0.0,177.0,13.32,7.38,33,1
43,84,heuristic,1,0.559,0.559,0.0261,0.0,5.0,0.0,0.0,0,0
43,84,heuristic,2,0.621,1.18,0.0656,0.0,10.0,0.0,0.0,1,0
43,84,heuristic,3,0.635,1.815,0.1053,0.0,15.0,0.0,0.0,1,0
43,84,heuristic,4,0.602,2.417,0.1391,0.0,20.0,0.0,0.0,1,0
43,84,heuristic,5,0.607,3.024,0.1794,0.0,25.0,7.29,7.29,1,0
43,84,heuristic,6,0.625,3.649,0.22,0.0,30.0,7.29,7.29,1,0
43,84,heuristic,7,0.365,4.014,0.1329,0.0,35.0,14.88,7.59,1,0
43,84,heuristic,8,0.833,4.847,0.2673,0.0,40.0,14.88,7.59,1,0
43,84,heuristic,9,0.567,5.414,0.3002,0.0,45.0,14.88,7.59,1,0
43,84,heuristic,10,0.442,5.856,0.3329,0.0,50.0,14.88,7.59,11,0
43,84,heuristic,11,0.556,6.412,0.366,0.0,55.0,14.88,7.59,12,0
43,84,heuristic,12,0.347,6.759,0.3746,2.0,60.0,15.88,8.29,12,0
43,84,heuristic,13,0.416,7.175,0.3827,2.0,65.0,14.88,7.59,13,0
43,84,heuristic,14,0.56,7.735,0.4186,2.0,70.0,14.88,7.59,15,0
43,84,heuristic,15,0.599,8.334,0.4571,2.0,75.0,14.88,7.59,15,0
43,84,heuristic,16,0.599,8.933,0.4955,2.0,80.0,14.88,7.59,15,0
43,84,heuristic,17,0.561,9.494,0.5272,2.0,85.0,14.88,7.59,15,0
43,84,heuristic,18,0.6,10.094,0.5658,2.0,90.0,14.88,7.59,15,0
43,84,heuristic,19,0.524,10.618,0.6042,2.0,95.0,14.88,7.59,21,0
43,84,heuristic,20,0.478,11.096,0.6213,2.0,100.0,14.88,7.59,21,0
43,84,heuristic,21,0.545,11.641,0.6502,2.0,105.0,14.88,7.59,21,0
43,84,heuristic,22,0.555,12.196,0.683,2.0,110.0,14.88,7.59,22,0
43,84,heuristic,23,0.544,12.74,0.7161,2.0,115.0,14.88,7.59,24,0
43,84,heuristic,24,0.568,13.308,0.7491,2.0,120.0,14.88,7.59,24,0
43,84,heuristic,25,0.515,13.823,0.7727,2.0,125.0,14.88,7.59,24,0
43,84,heuristic,26,0.556,14.379,0.8058,2.0,130.0,14.88,7.59,25,0
43,84,heuristic,27,0.566,14.945,0.8385,2.0,135.0,14.88,7.59,25,0
43,84,heuristic,28,0.513,15.458,0.8705,2.0,140.0,14.88,7.59,29,0
43,84,heuristic,29,0.281,15.739,0.8746,5.0,145.0,15.88,7.59,29,0
43,84,heuristic,30,0.401,16.14,0.8823,5.0,150.0,14.88,7.59,31,0
43,84,heuristic,31,0.589,16.729,0.919,5.0,155.0,14.88,7.59,31,0
43,84,heuristic,32,0.606,17.335,0.9588,5.0,160.0,14.88,7.59,31,0
43,84,heuristic,33,0.605,17.94,0.9984,5.0,165.0,14.88,7.59,31,0
43,84,heuristic,34,0.972,18.912,1.0,5.0,166.0,14.88,7.59,31,1
44,85,heuristic,1,0.534,0.534,0.0287,0.0,5.0,0.0,0.0,0,0
44,85,heuristic,2,0.597,1.131,0.0716,0.0,10.0,4.01,4.01,0,0
44,85,heuristic,3,0.525,1.656,0.1144,0.0,15.0,4.01,4.01,0,0
44,85,heuristic,4,0.496,2.152,0.1519,0.0,20.0,4.01,4.01,0,0
44,85,heuristic,5,0.52,2.672,0.196,0.0,25.0,4.01,4.01,1,0
44,85,heuristic,6,0.531,3.203,0.2399,0.0,30.0,4.01,4.01,1,0
44,85,heuristic,7,0.466,3.669,0.2775,0.0,35.0,10.88,6.87,1,0
44,85,heuristic,8,0.52,4.189,0.3217,0.0,40.0,10.88,6.87,1,0
44,85,heuristic,9,0.513,4.702,0.3647,0.0,45.0,10.88,6.87,1,0
44,85,heuristic,10,0.273,4.975,0.3806,0.0,50.0,10.88,6.87,8,0
44,85,heuristic,11,0.423,5.398,0.4143,0.0,55.0,10.88,6.87,11,0
44,85,heuristic,12,0.474,5.872,0.4504,0.0,60.0,10.88,6.87,11,0
44,85,heuristic,13,0.463,6.335,0.4867,0.0,65.0,10.88,6.87,12,0
44,85,heuristic,14,0.259,6.594,0.4996,2.0,70.0,11.88,6.87,12,0
44,85,heuristic,15,0.31,6.904,0.5087,2.0,75.0,10.88,6.87,13,0
44,85,heuristic,16,0.489,7.393,0.5474,2.0,80.0,10.88,6.87,13,0
44,85,heuristic,17,0.509,7.902,0.5896,2.0,85.0,10.88,6.87,13,0
44,85,heuristic,18,0.46,8.362,0.6231,2.0,90.0,10.88,6.87,13,0
44,85,heuristic,19,0.265,8.627,0.6376,2.0,95.0,10.88,6.87,20,0
44,85,heuristic,20,0.458,9.085,0.673,2.0,100.0,10.88,6.87,21,0
44,85,heuristic,21,0.447,9.532,0.7087,2.0,105.0,10.88,6.87,23,0
44,85,heuristic,22,0.472,10.004,0.7444,2.0,110.0,10.88,6.87,23,0
44,85,heuristic,23,0.408,10.412,0.7709,2.0,115.0,10.88,6.87,24,0
44,85,heuristic,24,0.474,10.886,0.807,2.0,120.0,10.88,6.87,24,0
44,85,heuristic,25,0.471,11.357,0.8425,2.0,125.0,10.88,6.87,24,0
44,85,heuristic,26,0.452,11.809,0.8747,2.0,130.0,10.88,6.87,24,0
44,85,heuristic,27,0.095,11.904,0.8749,6.0,135.0,11.88,6.87,25,0
44,85,heuristic,28,0.032,11.936,0.8749,11.0,140.0,11.88,6.87,28,0
44,85,heuristic,29,0.295,12.231,0.8836,11.0,145.0,10.88,6.87,30,0
44,85,heuristic,30,0.573,12.804,0.923,11.0,150.0,10.88,6.87,30,0
44,85,heuristic,31,0.593,13.397,0.9661,11.0,155.0,10.88,6.87,30,0
44,85,heuristic,32,0.954,14.351,1.0,11.0,159.0,10.88,6.87,30,1
45,86,heuristic,1,0.554,0.554,0.0301,0.0,5.0,0.0,0.0,0,0
45,86,heuristic,2,0.642,1.196,0.0758,0.0,10.0,0.0,0.0,0,0
45,86,heuristic,3,0.644,1.84,0.1219,0.0,15.0,0.0,0.0,0,0
45,86,heuristic,4,0.614,2.454,0.1626,0.0,20.0,0.0,0.0,0,0
45,86,heuristic,5,0.636,3.09,0.2095,0.0,25.0,0.0,0.0,1,0
45,86,heuristic,6,0.615,3.705,0.2505,0.0,30.0,0.0,0.0,1,0
45,86,heuristic,7,0.596,4.301,0.2976,0.0,35.0,9.67,5.06,2,0
45,86,heuristic,8,0.629,4.93,0.3444,0.0,40.0,9.67,5.06,2,0
45,86,heuristic,9,0.536,5.466,0.3746,0.0,45.0,9.67,5.06,2,0
45,86,heuristic,10,0.421,5.887,0.3932,0.0,50.0,9.67,5.06,6,0
45,86,heuristic,11,0.507,6.394,0.4317,0.0,55.0,9.67,5.06,12,0
45,86,heuristic,12,0.583,6.977,0.4704,0.0,60.0,9.67,5.06,12,0
45,86,heuristic,13,0.516,7.493,0.4993,0.0,65.0,9.67,5.06,13,0
45,86,heuristic,14,0.243,7.736,0.4996,3.0,70.0,10.67,5.06,13,0
45,86,heuristic,15,0.405,8.141,0.5087,3.0,75.0,9.67,5.06,14,0
45,86,heuristic,16,0.542,8.683,0.5466,3.0,80.0,9.67,5.06,17,0
45,86,heuristic,17,0.582,9.265,0.5851,3.0,85.0,9.67,5.06,17,0
45,86,heuristic,18,0.573,9.838,0.6218,3.0,90.0,9.67,5.06,17,0
45,86,heuristic,19,0.429,10.267,0.6375,3.0,95.0,9.67,5.06,19,0
45,86,heuristic,20,0.547,10.814,0.6808,3.0,100.0,9.67,5.06,24,0
45,86,heuristic,21,0.617,11.431,0.7254,3.0,105.0,9.67,5.06,24,0
45,86,heuristic,22,0.366,11.797,0.7099,3.0,110.0,9.67,5.06,24,0
45,86,heuristic,23,0.744,12.541,0.7771,3.0,115.0,9.67,5.06,24,0
45,86,heuristic,24,0.583,13.124,0.8156,3.0,120.0,9.67,5.06,24,0
45,86,heuristic,25,0.558,13.682,0.8543,3.0,125.0,9.67,5.06,26,0
45,86,heuristic,26,0.366,14.048,0.8249,3.0,130.0,9.67,5.06,26,0
45,86,heuristic,27,0.816,14.864,0.905,3.0,135.0,9.67,5.06,26,0
45,86,heuristic,28,0.625,15.489,0.951,3.0,140.0,9.67,5.06,26,0
45,86,heuristic,29,0.624,16.113,0.9969,3.0,145.0,9.67,5.06,26,0
45,86,heuristic,30,0.961,17.074,1.0,3.0,146.0,9.67,5.06,26,1
46,87,heuristic,1,0.528,0.528,0.0282,0.0,5.0,0.0,0.0,0,0
46,87,heuristic,2,0.601,1.129,0.0714,0.0,10.0,0.0,0.0,1,0
46,87,heuristic,3,0.594,1.723,0.1142,0.0,15.0,3.82,3.82,1,0
46,87,heuristic,4,0.454,2.177,0.1306,0.0,20.0,3.82,3.82,1,0
46,87,heuristic,5,0.512,2.689,0.1647,0.0,25.0,10.73,6.91,2,0
46,87,heuristic,6,0.552,3.241,0.2008,0.0,30.0,10.73,6.91,2,0
46,87,heuristic,7,0.552,3.793,0.2368,0.0,35.0,10.73,6.91,2,0
46,87,heuristic,8,0.432,4.225,0.2517,0.0,40.0,10.73,6.91,2,0
46,87,heuristic,9,0.545,4.77,0.2866,0.0,45.0,10.73,6.91,2,0
46,87,heuristic,10,0.458,5.228,0.3282,0.0,50.0,10.73,6.91,12,0
46,87,heuristic,11,0.577,5.805,0.3689,0.0,55.0,10.73,6.91,12,0
46,87,heuristic,12,0.43,6.235,0.3855,0.0,60.0,10.73,6.91,13,0
46,87,heuristic,13,0.511,6.746,0.4209,0.0,65.0,10.73,6.91,16,0
46,87,heuristic,14,0.539,7.285,0.4569,0.0,70.0,10.73,6.91,17,0
46,87,heuristic,15,0.54,7.825,0.4931,0.0,75.0,10.73,6.91,18,0
46,87,heuristic,16,0.425,8.25,0.5066,0.0,80.0,10.73,6.91,18,0
46,87,heuristic,17,0.57,8.82,0.5459,0.0,85.0,10.73,6.91,18,0
46,87,heuristic,18,0.583,9.403,0.5876,0.0,90.0,10.73,6.91,18,0
46,87,heuristic,19,0.28,9.683,0.5932,0.0,95.0,10.73,6.91,26,0
46,87,heuristic,20,0.753,10.436,0.6651,0.0,100.0,10.73,6.91,26,0
46,87,heuristic,21,0.585,11.021,0.7071,0.0,105.0,10.73,6.91,26,0
46,87,heuristic,22,0.55,11.571,0.745,0.0,110.0,10.73,6.91,27,0
46,87,heuristic,23,0.429,12.0,0.7615,0.0,115.0,10.73,6.91,28,0
46,87,heuristic,24,0.549,12.549,0.7971,0.0,120.0,10.73,6.91,28,0
46,87,heuristic,25,0.551,13.1,0.833,0.0,125.0,10.73,6.91,28,0
46,87,heuristic,26,0.55,13.65,0.8688,0.0,130.0,10.73,6.91,28,0
46,87,heuristic,27,0.446,14.096,0.8862,0.0,135.0,10.73,6.91,28,0
46,87,heuristic,28,0.582,14.678,0.9276,0.0,140.0,10.73,6.91,28,0
46,87,heuristic,29,0.593,15.271,0.971,0.0,145.0,10.73,6.91,28,0
46,87,heuristic,30,0.953,16.224,1.0,0.0,149.0,10.73,6.91,28,1
47,88,heuristic,1,0.524,0.524,0.0319,0.0,5.0,0.0,0.0,0,0
47,88,heuristic,2,0.621,1.145,0.081,0.0,10.0,0.0,0.0,0,0
47,88,heuristic,3,0.478,1.623,0.1048,0.0,15.0,0.0,0.0,0,0
47,88,heuristic,4,0.736,2.359,0.1743,0.0,20.0,0.0,0.0,0,0
47,88,heuristic,5,0.616,2.975,0.2247,0.0,25.0,0.0,0.0,1,0
47,88,heuristic,6,0.573,3.548,0.2686,0.0,30.0,4.16,4.16,1,0
47,88,heuristic,7,0.606,4.154,0.3187,0.0,35.0,4.16,4.16,2,0
47,88,heuristic,8,0.567,4.721,0.366,0.0,40.0,12.44,8.28,2,0
47,88,heuristic,9,0.408,5.129,0.3815,0.0,45.0,12.44,8.28,2,0
47,88,heuristic,10,0.454,5.583,0.4185,0.0,50.0,12.44,8.28,8,0
47,88,heuristic,11,0.513,6.096,0.4595,0.0,55.0,12.44,8.28,11,0
47,88,heuristic,12,0.32,6.416,0.3814,0.0,60.0,12.44,8.28,11,0
47,88,heuristic,13,0.77,7.186,0.5323,0.0,65.0,12.44,8.28,11,0
47,88,heuristic,14,0.512,7.698,0.5731,0.0,70.0,12.44,8.28,14,0
47,88,heuristic,15,0.549,8.247,0.6137,0.0,75.0,12.44,8.28,14,0
47,88,heuristic,16,0.325,8.572,0.6246,1.0,80.0,13.44,9.28,15,0
47,88,heuristic,17,0.118,8.69,0.6246,6.0,85.0,13.44,9.28,15,0
47,88,heuristic,18,0.363,9.053,0.6343,6.0,90.0,12.44,8.28,16,0
47,88,heuristic,19,0.525,9.578,0.6774,6.0,95.0,12.44,8.28,19,0
47,88,heuristic,20,0.552,10.13,0.7252,6.0,100.0,12.44,8.28,22,0
47,88,heuristic,21,0.463,10.593,0.7505,6.0,105.0,12.44,8.28,22,0
47,88,heuristic,22,0.513,11.106,0.7848,6.0,110.0,12.44,8.28,22,0
47,88,heuristic,23,0.537,11.643,0.8255,6.0,115.0,12.44,8.28,23,0
47,88,heuristic,24,0.55,12.193,0.8663,6.0,120.0,12.44,8.28,23,0
47,88,heuristic,25,0.412,12.605,0.8827,6.0,125.0,12.44,8.28,23,0
47,88,heuristic,26,0.564,13.169,0.926,6.0,130.0,12.44,8.28,23,0
47,88,heuristic,27,0.596,13.765,0.9749,6.0,135.0,12.44,8.28,23,0
47,88,heuristic,28,0.94,14.705,1.0,6.0,138.0,12.44,8.28,23,1
48,89,heuristic,1,0.536,0.536,0.0277,0.0,5.0,0.0,0.0,0,0
48,89,heuristic,2,0.616,1.152,0.0695,0.0,10.0,0.0,0.0,0,0
48,89,heuristic,3,0.536,1.688,0.1114,0.0,15.0,0.0,0.0,0,0
48,89,heuristic,4,0.482,2.17,0.148,0.0,20.0,5.59,5.59,0,0
48,89,heuristic,5,0.532,2.702,0.1911,0.0,25.0,5.59,5.59,0,0
48,89,heuristic,6,0.517,3.219,0.2343,0.0,30.0,9.21,5.59,0,0
48,89,heuristic,7,0.49,3.709,0.2712,0.0,35.0,9.21,5.59,0,0
48,89,heuristic,8,0.513,4.222,0.3145,0.0,40.0,9.21,5.59,1,0
48,89,heuristic,9,0.526,4.748,0.3577,0.0,45.0,9.21,5.59,1,0
48,89,heuristic,10,0.402,5.15,0.3945,0.0,50.0,9.21,5.59,8,0
48,89,heuristic,11,0.526,5.676,0.4377,0.0,55.0,9.21,5.59,8,0
48,89,heuristic,12,0.524,6.2,0.4806,0.0,60.0,9.21,5.59,8,0
48,89,heuristic,13,0.398,6.598,0.5012,0.0,65.0,9.21,5.59,8,0
48,89,heuristic,14,0.447,7.045,0.5305,0.0,70.0,9.21,5.59,8,0
48,89,heuristic,15,0.477,7.522,0.5651,0.0,75.0,9.21,5.59,8,0
48,89,heuristic,16,0.467,7.989,0.6001,0.0,80.0,9.21,5.59,9,0
48,89,heuristic,17,0.42,8.409,0.6245,0.0,85.0,9.21,5.59,9,0
48,89,heuristic,18,0.356,8.765,0.6398,0.0,90.0,9.21,5.59,10,0
48,89,heuristic,19,0.392,9.157,0.6748,0.0,95.0,9.21,5.59,17,0
48,89,heuristic,20,0.479,9.636,0.7097,0.0,100.0,9.21,5.59,17,0
48,89,heuristic,21,0.479,10.115,0.7446,0.0,105.0,9.21,5.59,17,0
48,89,heuristic,22,0.428,10.543,0.7704,0.0,110.0,9.21,5.59,17,0
48,89,heuristic,23,0.478,11.021,0.8053,0.0,115.0,9.21,5.59,17,0
48,89,heuristic,24,0.479,11.5,0.8402,0.0,120.0,9.21,5.59,17,0
48,89,heuristic,25,0.469,11.969,0.8734,0.0,125.0,9.21,5.59,17,0
48,89,heuristic,26,0.349,12.318,0.8875,0.0,130.0,9.21,5.59,18,0
48,89,heuristic,27,0.512,12.83,0.9282,0.0,135.0,9.21,5.59,18,0
48,89,heuristic,28,0.52,13.35,0.9705,0.0,140.0,9.21,5.59,18,0
48,89,heuristic,29,0.959,14.309,1.0,0.0,144.0,9.21,5.59,18,1
49,90,heuristic,1,0.504,0.504,0.0269,0.0,5.0,0.0,0.0,0,0
49,90,heuristic,2,0.534,1.038,0.0674,0.0,10.0,7.96,7.96,1,0
49,90,heuristic,3,0.567,1.605,0.1083,0.0,15.0,7.96,7.96,1,0
49,90,heuristic,4,0.439,2.044,0.1263,0.0,20.0,7.96,7.96,1,0
49,90,heuristic,5,0.503,2.547,0.1558,0.0,25.0,7.96,7.96,1,0
49,90,heuristic,6,0.493,3.04,0.1894,0.0,30.0,12.89,7.96,2,0
49,90,heuristic,7,0.518,3.558,0.2232,0.0,35.0,12.89,7.96,2,0
49,90,heuristic,8,0.328,3.886,0.1921,0.0,40.0,12.89,7.96,2,0
49,90,heuristic,9,0.761,4.647,0.2692,0.0,45.0,12.89,7.96,2,0
49,90,heuristic,10,0.437,5.084,0.3086,0.0,50.0,12.89,7.96,11,0
49,90,heuristic,11,0.537,5.621,0.348,0.0,55.0,12.89,7.96,12,0
49,90,heuristic,12,0.328,5.949,0.3278,0.0,60.0,12.89,7.96,12,0
49,90,heuristic,13,0.724,6.673,0.3982,0.0,65.0,12.89,7.96,12,0
49,90,heuristic,14,0.48,7.153,0.4318,0.0,70.0,12.89,7.96,15,0
49,90,heuristic,15,0.505,7.658,0.4656,0.0,75.0,12.89,7.96,16,0
49,90,heuristic,16,0.51,8.168,0.4981,0.0,80.0,12.89,7.96,16,0
49,90,heuristic,17,0.406,8.574,0.512,0.0,85.0,12.89,7.96,16,0
49,90,heuristic,18,0.546,9.12,0.5508,0.0,90.0,12.89,7.96,16,0
49,90,heuristic,19,0.45,9.57,0.5902,0.0,95.0,12.89,7.96,24,0
49,90,heuristic,20,0.344,9.914,0.5932,0.0,100.0,12.89,7.96,24,0
49,90,heuristic,21,0.72,10.634,0.663,0.0,105.0,12.89,7.96,24,0
49,90,heuristic,22,0.549,11.183,0.7022,0.0,110.0,12.89,7.96,24,0
49,90,heuristic,23,0.522,11.705,0.7413,0.0,115.0,12.89,7.96,26,0
49,90,heuristic,24,0.392,12.097,0.7549,0.0,120.0,12.89,7.96,27,0
49,90,heuristic,25,0.51,12.607,0.7874,0.0,125.0,12.89,7.96,27,0
49,90,heuristic,26,0.518,13.125,0.8213,0.0,130.0,12.89,7.96,27,0
49,90,heuristic,27,0.518,13.643,0.8551,0.0,135.0,12.89,7.96,27,0
49,90,heuristic,28,0.387,14.03,0.8745,0.0,140.0,12.89,7.96,31,0
49,90,heuristic,29,0.123,14.153,0.8746,5.0,145.0,13.89,7.96,31,0
49,90,heuristic,30,0.362,14.515,0.8828,5.0,150.0,12.89,7.96,32,0
49,90,heuristic,31,0.538,15.053,0.9201,5.0,155.0,12.89,7.96,32,0
49,90,heuristic,32,0.554,15.607,0.9604,5.0,160.0,12.89,7.96,32,0
49,90,heuristic,33,0.943,16.55,1.0,5.0,165.0,12.89,7.96,32,1
50,91,heuristic,1,0.51,0.51,0.0225,0.0,5.0,0.0,0.0,0,0
50,91,heuristic,2,0.571,1.081,0.0559,0.0,10.0,0.0,0.0,0,0
50,91,heuristic,3,0.57,1.651,0.0891,0.0,15.0,0.0,0.0,0,0
50,91,heuristic,4,0.545,2.196,0.1222,0.0,20.0,5.69,5.69,0,0
50,91,heuristic,5,0.529,2.725,0.1502,0.0,25.0,5.69,5.69,0,0
50,91,heuristic,6,0.552,3.277,0.1844,0.0,30.0,5.69,5.69,1,0
50,91,heuristic,7,0.562,3.839,0.2182,0.0,35.0,5.69,5.69,1,0
50,91,heuristic,8,0.346,4.185,0.1786,0.0,40.0,11.65,5.96,1,0
50,91,heuristic,9,0.81,4.995,0.2805,0.0,45.0,11.65,5.96,1,0
50,91,heuristic,10,0.464,5.459,0.3145,0.0,50.0,11.65,5.96,8,0
50,91,heuristic,11,0.553,6.012,0.3486,0.0,55.0,11.65,5.96,8,0
50,91,heuristic,12,0.36,6.372,0.2598,0.0,60.0,11.65,5.96,8,0
50,91,heuristic,13,0.81,7.182,0.39,0.0,65.0,11.65,5.96,8,0
50,91,heuristic,14,0.48,7.662,0.4179,0.0,70.0,11.65,5.96,11,0
50,91,heuristic,15,0.503,8.165,0.4454,0.0,75.0,11.65,5.96,12,0
50,91,heuristic,16,0.517,8.682,0.4733,0.0,80.0,11.65,5.96,12,0
50,91,heuristic,17,0.51,9.192,0.4998,0.0,85.0,11.65,5.96,12,0
50,91,heuristic,18,0.417,9.609,0.5098,0.0,90.0,11.65,5.96,12,0
50,91,heuristic,19,0.48,10.089,0.5422,0.0,95.0,11.65,5.96,17,0
50,91,heuristic,20,0.517,10.606,0.5745,0.0,100.0,11.65,5.96,19,0
50,91,heuristic,21,0.543,11.149,0.6069,0.0,105.0,11.65,5.96,19,0
50,91,heuristic,22,0.36,11.509,0.6061,0.0,110.0,11.65,5.96,19,0
50,91,heuristic,23,0.585,12.094,0.646,0.0,115.0,11.65,5.96,19,0
50,91,heuristic,24,0.491,12.585,0.6736,0.0,120.0,11.65,5.96,21,0
50,91,heuristic,25,0.504,13.089,0.7013,0.0,125.0,11.65,5.96,22,0
50,91,heuristic,26,0.503,13.592,0.7289,0.0,130.0,11.65,5.96,23,0
50,91,heuristic,27,0.475,14.067,0.7494,0.0,135.0,11.65,5.96,23,0
50,91,heuristic,28,0.16,14.227,0.7496,4.0,140.0,12.65,5.96,26,0
50,91,heuristic,29,0.133,14.36,0.7496,9.0,145.0,12.65,5.96,28,0
50,91,heuristic,30,0.396,14.756,0.7581,9.0,150.0,11.65,5.96,29,0
50,91,heuristic,31,0.493,15.249,0.7861,9.0,155.0,11.65,5.96,31,0
50,91,heuristic,32,0.517,15.766,0.8139,9.0,160.0,11.65,5.96,31,0
50,91,heuristic,33,0.517,16.283,0.8418,9.0,165.0,11.65,5.96,31,0
50,91,heuristic,34,0.505,16.788,0.8698,9.0,170.0,11.65,5.96,32,0
50,91,heuristic,35,0.416,17.204,0.8796,9.0,175.0,11.65,5.96,32,0
50,91,heuristic,36,0.54,17.744,0.9115,9.0,180.0,11.65,5.96,32,0
50,91,heuristic,37,0.547,18.291,0.9446,9.0,185.0,11.65,5.96,32,0
50,91,heuristic,38,0.549,18.84,0.9781,9.0,190.0,11.65,5.96,32,0
50,91,heuristic,39,0.959,19.799,1.0,9.0,194.0,11.65,5.96,32,1
